Reviews,Voted_up,rm_html,rm_hashtag,lower_case,rm_url,rm_punc,rm_emoji,stem,prepro
"if you're looking for cozy game like harverst moon, i really suggest and recomend you to play this Stardew Valley, alot of things you can do in here, not only become a farmer there is also a dungeon you can explore. Npc is kinda unic with their char and i really can positioning if i were the MC in this game. Thank you to Developer, this is masterpiece and peak game!!!q(≧▽≦q)",True,"if you're looking for cozy game like harverst moon, i really suggest and recomend you to play this Stardew Valley, alot of things you can do in here, not only become a farmer there is also a dungeon you can explore. Npc is kinda unic with their char and i really can positioning if i were the MC in this game. Thank you to Developer, this is masterpiece and peak game!!!q(≧▽≦q)","if you're looking for cozy game like harverst moon, i really suggest and recomend you to play this Stardew Valley, alot of things you can do in here, not only become a farmer there is also a dungeon you can explore. Npc is kinda unic with their char and i really can positioning if i were the MC in this game. Thank you to Developer, this is masterpiece and peak game!!!q(≧▽≦q)","if you're looking for cozy game like harverst moon, i really suggest and recomend you to play this stardew valley, alot of things you can do in here, not only become a farmer there is also a dungeon you can explore. npc is kinda unic with their char and i really can positioning if i were the mc in this game. thank you to developer, this is masterpiece and peak game!!!q(≧▽≦q)","if you're looking for cozy game like harverst moon, i really suggest and recomend you to play this stardew valley, alot of things you can do in here, not only become a farmer there is also a dungeon you can explore. npc is kinda unic with their char and i really can positioning if i were the mc in this game. thank you to developer, this is masterpiece and peak game!!!q(≧▽≦q)",if you re looking for cozy game like harverst moon i really suggest and recomend you to play this stardew valley alot of things you can do in here not only become a farmer there is also a dungeon you can explore npc is kinda unic with their char and i really can positioning if i were the mc in this game thank you to developer this is masterpiece and peak game q ≧▽≦q,if you re looking for cozy game like harverst moon i really suggest and recomend you to play this stardew valley alot of things you can do in here not only become a farmer there is also a dungeon you can explore npc is kinda unic with their char and i really can positioning if i were the mc in this game thank you to developer this is masterpiece and peak game q ≧▽≦q,if you re looking for cozy game like harverst moon i really suggest and recomend you to play this stardew valley alot of things you can do in here not only become a farmer there is also a dungeon you can explore npc is kinda unic with their char and i really can positioning if i were the mc in this game thank you to developer this is masterpiece and peak game q ≧▽≦q,if you re looking for cozy game like harverst moon i really suggest and recomend you to play this stardew valley alot of things you can do in here not only become a farmer there is also a dungeon you can explore npc is kinda unic with their char and i really can positioning if i were the mc in this game thank you to developer this is masterpiece and peak game q ≧▽≦q
Seru banget,True,Seru banget,Seru banget,seru banget,seru banget,seru banget,seru banget,seru banget,seru banget
game bagus,True,game bagus,game bagus,game bagus,game bagus,game bagus,game bagus,game bagus,game bagus
candu,True,candu,candu,candu,candu,candu,candu,candu,candu
asik,True,asik,asik,asik,asik,asik,asik,asik,asik
great,True,great,great,great,great,great,great,great,great
"mantap
",True,"mantap
","mantap
","mantap
","mantap
",mantap,mantap,mantap,mantap
"game ini seru buat yang suka game santai, rekomend parah. seru alur cerita nya ga bikin bosen",True,"game ini seru buat yang suka game santai, rekomend parah. seru alur cerita nya ga bikin bosen","game ini seru buat yang suka game santai, rekomend parah. seru alur cerita nya ga bikin bosen","game ini seru buat yang suka game santai, rekomend parah. seru alur cerita nya ga bikin bosen","game ini seru buat yang suka game santai, rekomend parah. seru alur cerita nya ga bikin bosen",game ini seru buat yang suka game santai rekomend parah seru alur cerita nya ga bikin bosen,game ini seru buat yang suka game santai rekomend parah seru alur cerita nya ga bikin bosen,game ini seru buat yang suka game santai rekomend parah seru alur cerita nya tidak bikin bosan,game seru suka game santai rekomend parah seru alur cerita nya bikin bosan
game santuy yg gak santuy tapi seru,True,game santuy yg gak santuy tapi seru,game santuy yg gak santuy tapi seru,game santuy yg gak santuy tapi seru,game santuy yg gak santuy tapi seru,game santuy yg gak santuy tapi seru,game santuy yg gak santuy tapi seru,game santuy yang tidak santuy tapi seru,game santuy santuy seru
"you wont regret playing this game,trust me.",True,"you wont regret playing this game,trust me.","you wont regret playing this game,trust me.","you wont regret playing this game,trust me.","you wont regret playing this game,trust me.",you wont regret playing this game trust me,you wont regret playing this game trust me,you wont regret playing this game trust me,you wont regret playing this game trust me
cool,True,cool,cool,cool,cool,cool,cool,cool,cool
"gak bisa diungkapin pake kalimat/frasa/imbuhan apa aja, cuman kalau kata sederhananya cuman bisa bilang SERU WOEII, mudah mudahan ada expansi dari versi officialnya",True,"gak bisa diungkapin pake kalimat/frasa/imbuhan apa aja, cuman kalau kata sederhananya cuman bisa bilang SERU WOEII, mudah mudahan ada expansi dari versi officialnya","gak bisa diungkapin pake kalimat/frasa/imbuhan apa aja, cuman kalau kata sederhananya cuman bisa bilang SERU WOEII, mudah mudahan ada expansi dari versi officialnya","gak bisa diungkapin pake kalimat/frasa/imbuhan apa aja, cuman kalau kata sederhananya cuman bisa bilang seru woeii, mudah mudahan ada expansi dari versi officialnya","gak bisa diungkapin pake kalimat/frasa/imbuhan apa aja, cuman kalau kata sederhananya cuman bisa bilang seru woeii, mudah mudahan ada expansi dari versi officialnya",gak bisa diungkapin pake kalimat frasa imbuhan apa aja cuman kalau kata sederhananya cuman bisa bilang seru woeii mudah mudahan ada expansi dari versi officialnya,gak bisa diungkapin pake kalimat frasa imbuhan apa aja cuman kalau kata sederhananya cuman bisa bilang seru woeii mudah mudahan ada expansi dari versi officialnya,tidak bisa ungkap pake kalimat frasa imbuh apa aja cuman kalau kata sederhana cuman bisa bilang seru woeii mudah mudah ada expansi dari versi officialnya,pake kalimat frasa imbuh aja cuman sederhana cuman bilang seru woeii mudah mudah expansi versi officialnya
"Dulu main di Hp sekarang udh bisa main di Laptop enak bgt rasanya (^///^)💕
",True,"Dulu main di Hp sekarang udh bisa main di Laptop enak bgt rasanya (^///^)💕
","Dulu main di Hp sekarang udh bisa main di Laptop enak bgt rasanya (^///^)💕
","dulu main di hp sekarang udh bisa main di laptop enak bgt rasanya (^///^)💕
","dulu main di hp sekarang udh bisa main di laptop enak bgt rasanya (^///^)💕
",dulu main di hp sekarang udh bisa main di laptop enak bgt rasanya 💕,dulu main di hp sekarang udh bisa main di laptop enak bgt rasanya ,dulu main di hp sekarang udh bisa main di laptop enak banget rasa ,main hp udh main laptop enak banget
"Stardew Valley 

Fokus Game : Story + Gameplay

Kriteria Penilaian:
5 = Sangat Bagus
4 = Bagus
3 = Normal
2 = Jelek
1 = Sampah

Story 5/5 (Seru banget sih, unik, bisa nentuin alur cerita, gak mainstream juga. pokoknya mantep dah)

Konten 5/5 (Variasinya macem-macem; macing, menanam, beternak, nambang, gelut, mulung, mini game dll. Kaya akan konten lah)

Gameplay 5/5 (Kontrolnya nyaman, sistemnya balance, apalagi kalau diliat dari kontennya jadi dari segi gameplay bervariasi)

Performance 5/5 (dari frame rate aman sih, loading gak bermasalah,  bug? kayaknya bug nya nguntungin player, glitch juga sama. intinya untuk bug dan glitch bisa di toleranlah, kecuali pengen maen manfaatin bug dan glitch ""auto nge cheat jir"")

Visual dan Audio 5/5 (Visualnya mantep sih, apalagi bisa di mod ini itu waahhh mantep. Sound and music nya manteplah)

jadi penilaian akhirnya 5/5 Sangat Bagus


",True,"Stardew Valley 

Fokus Game : Story + Gameplay

Kriteria Penilaian:
5 = Sangat Bagus
4 = Bagus
3 = Normal
2 = Jelek
1 = Sampah

Story 5/5 (Seru banget sih, unik, bisa nentuin alur cerita, gak mainstream juga. pokoknya mantep dah)

Konten 5/5 (Variasinya macem-macem; macing, menanam, beternak, nambang, gelut, mulung, mini game dll. Kaya akan konten lah)

Gameplay 5/5 (Kontrolnya nyaman, sistemnya balance, apalagi kalau diliat dari kontennya jadi dari segi gameplay bervariasi)

Performance 5/5 (dari frame rate aman sih, loading gak bermasalah,  bug? kayaknya bug nya nguntungin player, glitch juga sama. intinya untuk bug dan glitch bisa di toleranlah, kecuali pengen maen manfaatin bug dan glitch ""auto nge cheat jir"")

Visual dan Audio 5/5 (Visualnya mantep sih, apalagi bisa di mod ini itu waahhh mantep. Sound and music nya manteplah)

jadi penilaian akhirnya 5/5 Sangat Bagus


","Stardew Valley 

Fokus Game : Story + Gameplay

Kriteria Penilaian:
5 = Sangat Bagus
4 = Bagus
3 = Normal
2 = Jelek
1 = Sampah

Story 5/5 (Seru banget sih, unik, bisa nentuin alur cerita, gak mainstream juga. pokoknya mantep dah)

Konten 5/5 (Variasinya macem-macem; macing, menanam, beternak, nambang, gelut, mulung, mini game dll. Kaya akan konten lah)

Gameplay 5/5 (Kontrolnya nyaman, sistemnya balance, apalagi kalau diliat dari kontennya jadi dari segi gameplay bervariasi)

Performance 5/5 (dari frame rate aman sih, loading gak bermasalah,  bug? kayaknya bug nya nguntungin player, glitch juga sama. intinya untuk bug dan glitch bisa di toleranlah, kecuali pengen maen manfaatin bug dan glitch ""auto nge cheat jir"")

Visual dan Audio 5/5 (Visualnya mantep sih, apalagi bisa di mod ini itu waahhh mantep. Sound and music nya manteplah)

jadi penilaian akhirnya 5/5 Sangat Bagus


","stardew valley 

fokus game : story + gameplay

kriteria penilaian:
5 = sangat bagus
4 = bagus
3 = normal
2 = jelek
1 = sampah

story 5/5 (seru banget sih, unik, bisa nentuin alur cerita, gak mainstream juga. pokoknya mantep dah)

konten 5/5 (variasinya macem-macem; macing, menanam, beternak, nambang, gelut, mulung, mini game dll. kaya akan konten lah)

gameplay 5/5 (kontrolnya nyaman, sistemnya balance, apalagi kalau diliat dari kontennya jadi dari segi gameplay bervariasi)

performance 5/5 (dari frame rate aman sih, loading gak bermasalah,  bug? kayaknya bug nya nguntungin player, glitch juga sama. intinya untuk bug dan glitch bisa di toleranlah, kecuali pengen maen manfaatin bug dan glitch ""auto nge cheat jir"")

visual dan audio 5/5 (visualnya mantep sih, apalagi bisa di mod ini itu waahhh mantep. sound and music nya manteplah)

jadi penilaian akhirnya 5/5 sangat bagus


","stardew valley 

fokus game : story + gameplay

kriteria penilaian:
5 = sangat bagus
4 = bagus
3 = normal
2 = jelek
1 = sampah

story 5/5 (seru banget sih, unik, bisa nentuin alur cerita, gak mainstream juga. pokoknya mantep dah)

konten 5/5 (variasinya macem-macem; macing, menanam, beternak, nambang, gelut, mulung, mini game dll. kaya akan konten lah)

gameplay 5/5 (kontrolnya nyaman, sistemnya balance, apalagi kalau diliat dari kontennya jadi dari segi gameplay bervariasi)

performance 5/5 (dari frame rate aman sih, loading gak bermasalah,  bug? kayaknya bug nya nguntungin player, glitch juga sama. intinya untuk bug dan glitch bisa di toleranlah, kecuali pengen maen manfaatin bug dan glitch ""auto nge cheat jir"")

visual dan audio 5/5 (visualnya mantep sih, apalagi bisa di mod ini itu waahhh mantep. sound and music nya manteplah)

jadi penilaian akhirnya 5/5 sangat bagus


",stardew valley fokus game story gameplay kriteria penilaian 5 sangat bagus 4 bagus 3 normal 2 jelek 1 sampah story 5 5 seru banget sih unik bisa nentuin alur cerita gak mainstream juga pokoknya mantep dah konten 5 5 variasinya macem macem macing menanam beternak nambang gelut mulung mini game dll kaya akan konten lah gameplay 5 5 kontrolnya nyaman sistemnya balance apalagi kalau diliat dari kontennya jadi dari segi gameplay bervariasi performance 5 5 dari frame rate aman sih loading gak bermasalah bug kayaknya bug nya nguntungin player glitch juga sama intinya untuk bug dan glitch bisa di toleranlah kecuali pengen maen manfaatin bug dan glitch auto nge cheat jir visual dan audio 5 5 visualnya mantep sih apalagi bisa di mod ini itu waahhh mantep sound and music nya manteplah jadi penilaian akhirnya 5 5 sangat bagus,stardew valley fokus game story gameplay kriteria penilaian 5 sangat bagus 4 bagus 3 normal 2 jelek 1 sampah story 5 5 seru banget sih unik bisa nentuin alur cerita gak mainstream juga pokoknya mantep dah konten 5 5 variasinya macem macem macing menanam beternak nambang gelut mulung mini game dll kaya akan konten lah gameplay 5 5 kontrolnya nyaman sistemnya balance apalagi kalau diliat dari kontennya jadi dari segi gameplay bervariasi performance 5 5 dari frame rate aman sih loading gak bermasalah bug kayaknya bug nya nguntungin player glitch juga sama intinya untuk bug dan glitch bisa di toleranlah kecuali pengen maen manfaatin bug dan glitch auto nge cheat jir visual dan audio 5 5 visualnya mantep sih apalagi bisa di mod ini itu waahhh mantep sound and music nya manteplah jadi penilaian akhirnya 5 5 sangat bagus,stardew valley fokus game story gameplay kriteria nilai 5 sangat bagus 4 bagus 3 normal 2 jelek 1 sampah story 5 5 seru banget sih unik bisa tentu alur cerita tidak mainstream juga pokok mantap dah kontan 5 5 variasi macem memacem macing tanam ternak tambang gelut pulung mini game dll kaya akan kontan lah gameplay 5 5 kontrol nyaman sistem balance apalagi kalau liat dari kontan jadi dari segi gameplay variasi performance 5 5 dari frame rate aman sih loading tidak masalah bug kayak bug nya untung player glitch juga sama inti untuk bug dan glitch bisa di toleran kecuali en maen manfaat bug dan glitch auto nge cheat jir visual dan audio 5 5 visual mantap sih apalagi bisa di mod ini itu waahhh mantap sound and music nya manteplah jadi nilai akhir 5 5 sangat bagus,stardew valley fokus game story gameplay kriteria nilai 5 bagus 4 bagus 3 normal 2 jelek 1 sampah story 5 5 seru banget sih unik alur cerita mainstream pokok mantap dah kontan 5 5 variasi macem memacem macing tanam ternak tambang gelut pulung mini game dll kaya kontan gameplay 5 5 kontrol nyaman sistem balance liat kontan segi gameplay variasi performance 5 5 frame rate aman sih loading bug kayak bug nya untung player glitch inti bug glitch toleran kecuali en maen manfaat bug glitch auto nge cheat jir visual audio 5 5 visual mantap sih mod waahhh mantap sound and music nya manteplah nilai 5 5 bagus
goty,True,goty,goty,goty,goty,goty,goty,goty,goty
chill game favorite,True,chill game favorite,chill game favorite,chill game favorite,chill game favorite,chill game favorite,chill game favorite,chill game favorite,chill game favorite
"very good
",True,"very good
","very good
","very good
","very good
",very good,very good,very good,very good
aku sih yes,True,aku sih yes,aku sih yes,aku sih yes,aku sih yes,aku sih yes,aku sih yes,aku sih yes,sih yes
love the game,True,love the game,love the game,love the game,love the game,love the game,love the game,love the game,love the game
"Do I have to add anything here? This game is great. Its covering Combat, Dating/Marry, Farming, exploring/foraging, fishing, mining, etc. This game has anything you can ask for and will covering even more update in the future. W Eric.",True,"Do I have to add anything here? This game is great. Its covering Combat, Dating/Marry, Farming, exploring/foraging, fishing, mining, etc. This game has anything you can ask for and will covering even more update in the future. W Eric.","Do I have to add anything here? This game is great. Its covering Combat, Dating/Marry, Farming, exploring/foraging, fishing, mining, etc. This game has anything you can ask for and will covering even more update in the future. W Eric.","do i have to add anything here? this game is great. its covering combat, dating/marry, farming, exploring/foraging, fishing, mining, etc. this game has anything you can ask for and will covering even more update in the future. w eric.","do i have to add anything here? this game is great. its covering combat, dating/marry, farming, exploring/foraging, fishing, mining, etc. this game has anything you can ask for and will covering even more update in the future. w eric.",do i have to add anything here this game is great its covering combat dating marry farming exploring foraging fishing mining etc this game has anything you can ask for and will covering even more update in the future w eric,do i have to add anything here this game is great its covering combat dating marry farming exploring foraging fishing mining etc this game has anything you can ask for and will covering even more update in the future w eric,do i have to add anything here this game is great its covering combat dating marry farming exploring foraging fishing mining etc this game has anything you can ask for and will covering even more update in the future gue eric,do i have to add anything here this game is great its covering combat dating marry farming exploring foraging fishing mining etc this game has anything you can ask for and will covering even more update in the future gue eric
gg,True,gg,gg,gg,gg,gg,gg,gg,gg
asik,True,asik,asik,asik,asik,asik,asik,asik,asik
"awalnya berpikir bahwa ini hanya sekedar game santai. namun, itu hanya berlaku pada fase awal permainan. setelah membuka community center, keseluruhan permainan membuatku cukup kewalahan dengan konten konten yang terbuka..tetap saja ini game yang bagus",True,"awalnya berpikir bahwa ini hanya sekedar game santai. namun, itu hanya berlaku pada fase awal permainan. setelah membuka community center, keseluruhan permainan membuatku cukup kewalahan dengan konten konten yang terbuka..tetap saja ini game yang bagus","awalnya berpikir bahwa ini hanya sekedar game santai. namun, itu hanya berlaku pada fase awal permainan. setelah membuka community center, keseluruhan permainan membuatku cukup kewalahan dengan konten konten yang terbuka..tetap saja ini game yang bagus","awalnya berpikir bahwa ini hanya sekedar game santai. namun, itu hanya berlaku pada fase awal permainan. setelah membuka community center, keseluruhan permainan membuatku cukup kewalahan dengan konten konten yang terbuka..tetap saja ini game yang bagus","awalnya berpikir bahwa ini hanya sekedar game santai. namun, itu hanya berlaku pada fase awal permainan. setelah membuka community center, keseluruhan permainan membuatku cukup kewalahan dengan konten konten yang terbuka..tetap saja ini game yang bagus",awalnya berpikir bahwa ini hanya sekedar game santai namun itu hanya berlaku pada fase awal permainan setelah membuka community center keseluruhan permainan membuatku cukup kewalahan dengan konten konten yang terbuka tetap saja ini game yang bagus,awalnya berpikir bahwa ini hanya sekedar game santai namun itu hanya berlaku pada fase awal permainan setelah membuka community center keseluruhan permainan membuatku cukup kewalahan dengan konten konten yang terbuka tetap saja ini game yang bagus,awal pikir bahwa ini hanya sekedar game santai namun itu hanya berlaku pada fase awal main setelah buka community center seluruh main buat cukup walah dengan kontan kontan yang buka tetap saja ini game yang bagus,pikir sekedar game santai berlaku fase main buka community center main walah kontan kontan buka game bagus
Nice game!,True,Nice game!,Nice game!,nice game!,nice game!,nice game,nice game,nice game,nice game
"A game to kill time, totally worth the price",True,"A game to kill time, totally worth the price","A game to kill time, totally worth the price","a game to kill time, totally worth the price","a game to kill time, totally worth the price",a game to kill time totally worth the price,a game to kill time totally worth the price,a game to kill time totally worth the price,a game to kill time totally worth the price
"this very recomended to play fr cuz i love the grind
",True,"this very recomended to play fr cuz i love the grind
","this very recomended to play fr cuz i love the grind
","this very recomended to play fr cuz i love the grind
","this very recomended to play fr cuz i love the grind
",this very recomended to play fr cuz i love the grind,this very recomended to play fr cuz i love the grind,this very recomended to play fr cuz i love the grind,this very recomended to play fr cuz i love the grind
PEAKKKKKK,True,PEAKKKKKK,PEAKKKKKK,peakkkkkk,peakkkkkk,peakkkkkk,peakkkkkk,peakkkkkk,peakkkkkk
jangan beli kalau ga mau jadi nolep,True,jangan beli kalau ga mau jadi nolep,jangan beli kalau ga mau jadi nolep,jangan beli kalau ga mau jadi nolep,jangan beli kalau ga mau jadi nolep,jangan beli kalau ga mau jadi nolep,jangan beli kalau ga mau jadi nolep,jangan beli kalau tidak mau jadi tolap,beli tolap
bagus menyenangkan santai,True,bagus menyenangkan santai,bagus menyenangkan santai,bagus menyenangkan santai,bagus menyenangkan santai,bagus menyenangkan santai,bagus menyenangkan santai,bagus senang santai,bagus senang santai
"update terbaru sudah jauh lebih baik membuat game ini menjadi seru dimainkan, banyak achievement yang bisa dicapai dan banyak barang yang bisa dibuat. minusnya resep makanan masih kurang banyak",True,"update terbaru sudah jauh lebih baik membuat game ini menjadi seru dimainkan, banyak achievement yang bisa dicapai dan banyak barang yang bisa dibuat. minusnya resep makanan masih kurang banyak","update terbaru sudah jauh lebih baik membuat game ini menjadi seru dimainkan, banyak achievement yang bisa dicapai dan banyak barang yang bisa dibuat. minusnya resep makanan masih kurang banyak","update terbaru sudah jauh lebih baik membuat game ini menjadi seru dimainkan, banyak achievement yang bisa dicapai dan banyak barang yang bisa dibuat. minusnya resep makanan masih kurang banyak","update terbaru sudah jauh lebih baik membuat game ini menjadi seru dimainkan, banyak achievement yang bisa dicapai dan banyak barang yang bisa dibuat. minusnya resep makanan masih kurang banyak",update terbaru sudah jauh lebih baik membuat game ini menjadi seru dimainkan banyak achievement yang bisa dicapai dan banyak barang yang bisa dibuat minusnya resep makanan masih kurang banyak,update terbaru sudah jauh lebih baik membuat game ini menjadi seru dimainkan banyak achievement yang bisa dicapai dan banyak barang yang bisa dibuat minusnya resep makanan masih kurang banyak,update baru sudah jauh lebih baik buat game ini jadi seru main banyak achievement yang bisa capai dan banyak barang yang bisa buat minus resep makan masih kurang banyak,update game seru main achievement capai barang minus resep makan
"Seru Dan Asik Wajib Coba, nanti Kecanduan",True,"Seru Dan Asik Wajib Coba, nanti Kecanduan","Seru Dan Asik Wajib Coba, nanti Kecanduan","seru dan asik wajib coba, nanti kecanduan","seru dan asik wajib coba, nanti kecanduan",seru dan asik wajib coba nanti kecanduan,seru dan asik wajib coba nanti kecanduan,seru dan asik wajib coba nanti candu,seru asik wajib coba candu
bestgame indie,True,bestgame indie,bestgame indie,bestgame indie,bestgame indie,bestgame indie,bestgame indie,bestgame indie,bestgame indie
extended on nexus,True,extended on nexus,extended on nexus,extended on nexus,extended on nexus,extended on nexus,extended on nexus,extended on nexus,extended on nexus
Relaxing,True,Relaxing,Relaxing,relaxing,relaxing,relaxing,relaxing,relaxing,relaxing
"seru apalagi pasang mod juga dari nexus mod, jadi makin kompleks",True,"seru apalagi pasang mod juga dari nexus mod, jadi makin kompleks","seru apalagi pasang mod juga dari nexus mod, jadi makin kompleks","seru apalagi pasang mod juga dari nexus mod, jadi makin kompleks","seru apalagi pasang mod juga dari nexus mod, jadi makin kompleks",seru apalagi pasang mod juga dari nexus mod jadi makin kompleks,seru apalagi pasang mod juga dari nexus mod jadi makin kompleks,seru apalagi pasang mod juga dari menexus mod jadi makin kompleks,seru pasang mod menexus mod kompleks
si goreng tidak mau main sama gweh apapun itu.,True,si goreng tidak mau main sama gweh apapun itu.,si goreng tidak mau main sama gweh apapun itu.,si goreng tidak mau main sama gweh apapun itu.,si goreng tidak mau main sama gweh apapun itu.,si goreng tidak mau main sama gweh apapun itu,si goreng tidak mau main sama gweh apapun itu,si goreng tidak mau main sama gweh apa itu,si goreng main gweh
"Game Bamgus semru
",True,"Game Bamgus semru
","Game Bamgus semru
","game bamgus semru
","game bamgus semru
",game bamgus semru,game bamgus semru,game bamgus semru,game bamgus semru
gokill,True,gokill,gokill,gokill,gokill,gokill,gokill,gokill,gokill
"farming, foraging, fishing, mining, and getting married, how interesting cozy game hehe :D",True,"farming, foraging, fishing, mining, and getting married, how interesting cozy game hehe :D","farming, foraging, fishing, mining, and getting married, how interesting cozy game hehe :D","farming, foraging, fishing, mining, and getting married, how interesting cozy game hehe :d","farming, foraging, fishing, mining, and getting married, how interesting cozy game hehe :d",farming foraging fishing mining and getting married how interesting cozy game hehe d,farming foraging fishing mining and getting married how interesting cozy game hehe d,farming foraging fishing memining and getting married how interesting cozy game hehe d,farming foraging fishing memining and getting married how interesting cozy game hehe d
"At this point in my life, almost every game I try to play makes me feel bored or sleepy. Then I found Stardew Valley.
A true genius created this beautiful masterpiece. Thank you for making this amazing game.
Now I enjoy playing it with my wife, and it has become one of our favorite ways to spend time together. ❤️",True,"At this point in my life, almost every game I try to play makes me feel bored or sleepy. Then I found Stardew Valley.
A true genius created this beautiful masterpiece. Thank you for making this amazing game.
Now I enjoy playing it with my wife, and it has become one of our favorite ways to spend time together. ❤️","At this point in my life, almost every game I try to play makes me feel bored or sleepy. Then I found Stardew Valley.
A true genius created this beautiful masterpiece. Thank you for making this amazing game.
Now I enjoy playing it with my wife, and it has become one of our favorite ways to spend time together. ❤️","at this point in my life, almost every game i try to play makes me feel bored or sleepy. then i found stardew valley.
a true genius created this beautiful masterpiece. thank you for making this amazing game.
now i enjoy playing it with my wife, and it has become one of our favorite ways to spend time together. ❤️","at this point in my life, almost every game i try to play makes me feel bored or sleepy. then i found stardew valley.
a true genius created this beautiful masterpiece. thank you for making this amazing game.
now i enjoy playing it with my wife, and it has become one of our favorite ways to spend time together. ❤️",at this point in my life almost every game i try to play makes me feel bored or sleepy then i found stardew valley a true genius created this beautiful masterpiece thank you for making this amazing game now i enjoy playing it with my wife and it has become one of our favorite ways to spend time together ❤️,at this point in my life almost every game i try to play makes me feel bored or sleepy then i found stardew valley a true genius created this beautiful masterpiece thank you for making this amazing game now i enjoy playing it with my wife and it has become one of our favorite ways to spend time together ,at this point in my life almost every game i try to play makes me feel bored or sleepy then i found stardew valley a true genius created this beautiful memasterpiece thank you for making this amazing game now i enjoy playing it with my wife and it has become one of our favorite ways to spend time together ,at this point in my life almost every game i try to play makes me feel bored or sleepy then i found stardew valley a true genius created this beautiful memasterpiece thank you for making this amazing game now i enjoy playing it with my wife and it has become one of our favorite ways to spend time together
Main Game Ini Serasa Jadi Raja JAWA,True,Main Game Ini Serasa Jadi Raja JAWA,Main Game Ini Serasa Jadi Raja JAWA,main game ini serasa jadi raja jawa,main game ini serasa jadi raja jawa,main game ini serasa jadi raja jawa,main game ini serasa jadi raja jawa,main game ini serasa jadi raja jawa,main game serasa raja jawa
game gg,True,game gg,game gg,game gg,game gg,game gg,game gg,game gg,game gg
"keren bangettt game nya, recommended bgt untuk yg suka game cozy gituu, aku main game ini bisa sampe 6 jam sendirii sampe ga inget waktu kalo main inii, terimakasih yaa developer udah buat game iniii",True,"keren bangettt game nya, recommended bgt untuk yg suka game cozy gituu, aku main game ini bisa sampe 6 jam sendirii sampe ga inget waktu kalo main inii, terimakasih yaa developer udah buat game iniii","keren bangettt game nya, recommended bgt untuk yg suka game cozy gituu, aku main game ini bisa sampe 6 jam sendirii sampe ga inget waktu kalo main inii, terimakasih yaa developer udah buat game iniii","keren bangettt game nya, recommended bgt untuk yg suka game cozy gituu, aku main game ini bisa sampe 6 jam sendirii sampe ga inget waktu kalo main inii, terimakasih yaa developer udah buat game iniii","keren bangettt game nya, recommended bgt untuk yg suka game cozy gituu, aku main game ini bisa sampe 6 jam sendirii sampe ga inget waktu kalo main inii, terimakasih yaa developer udah buat game iniii",keren bangettt game nya recommended bgt untuk yg suka game cozy gituu aku main game ini bisa sampe 6 jam sendirii sampe ga inget waktu kalo main inii terimakasih yaa developer udah buat game iniii,keren bangettt game nya recommended bgt untuk yg suka game cozy gituu aku main game ini bisa sampe 6 jam sendirii sampe ga inget waktu kalo main inii terimakasih yaa developer udah buat game iniii,keren bangettt game nya recommended banget untuk yang suka game cozy gituu aku main game ini bisa sampe 6 jam sendiri sampe tidak ingat waktu kalau main inii terimakasih yaa developer udah buat game iniii,keren bangettt game nya recommended banget suka game cozy gituu main game sampe 6 jam sampe main inii terimakasih yaa developer udah game iniii
sangat keren dan seru apalagi main sama temen,True,sangat keren dan seru apalagi main sama temen,sangat keren dan seru apalagi main sama temen,sangat keren dan seru apalagi main sama temen,sangat keren dan seru apalagi main sama temen,sangat keren dan seru apalagi main sama temen,sangat keren dan seru apalagi main sama temen,sangat keren dan seru apalagi main sama teman,keren seru main teman
good,True,good,good,good,good,good,good,good,good
GOOD,True,GOOD,GOOD,good,good,good,good,good,good
game simpple tapi addict sekali macem harvest moon,True,game simpple tapi addict sekali macem harvest moon,game simpple tapi addict sekali macem harvest moon,game simpple tapi addict sekali macem harvest moon,game simpple tapi addict sekali macem harvest moon,game simpple tapi addict sekali macem harvest moon,game simpple tapi addict sekali macem harvest moon,game simpple tapi addict sekali memacem harvest memoon,game simpple addict memacem harvest memoon
:),True,:),:),:),:),,,,
"Main game ini bisa ampe lupa waktu
RECOMMENDED👍👍",True,"Main game ini bisa ampe lupa waktu
RECOMMENDED👍👍","Main game ini bisa ampe lupa waktu
RECOMMENDED👍👍","main game ini bisa ampe lupa waktu
recommended👍👍","main game ini bisa ampe lupa waktu
recommended👍👍",main game ini bisa ampe lupa waktu recommended👍👍,main game ini bisa ampe lupa waktu recommended,main game ini bisa ampe lupa waktu recommended,main game ampe lupa recommended
"i can mod everything i want hahahahaha
",True,"i can mod everything i want hahahahaha
","i can mod everything i want hahahahaha
","i can mod everything i want hahahahaha
","i can mod everything i want hahahahaha
",i can mod everything i want hahahahaha,i can mod everything i want hahahahaha,i can mod everything i want hahahahaha,i can mod everything i want hahahahaha
Saya sangat suka game ini apalagi kalau sudah pakai mod yang mempermudah game ini dan saya merekomendasikan game ini bagi pecinta game indie,True,Saya sangat suka game ini apalagi kalau sudah pakai mod yang mempermudah game ini dan saya merekomendasikan game ini bagi pecinta game indie,Saya sangat suka game ini apalagi kalau sudah pakai mod yang mempermudah game ini dan saya merekomendasikan game ini bagi pecinta game indie,saya sangat suka game ini apalagi kalau sudah pakai mod yang mempermudah game ini dan saya merekomendasikan game ini bagi pecinta game indie,saya sangat suka game ini apalagi kalau sudah pakai mod yang mempermudah game ini dan saya merekomendasikan game ini bagi pecinta game indie,saya sangat suka game ini apalagi kalau sudah pakai mod yang mempermudah game ini dan saya merekomendasikan game ini bagi pecinta game indie,saya sangat suka game ini apalagi kalau sudah pakai mod yang mempermudah game ini dan saya merekomendasikan game ini bagi pecinta game indie,saya sangat suka game ini apalagi kalau sudah pakai mod yang mudah game ini dan saya rekomendasi game ini bagi pecinta game indie,suka game pakai mod mudah game rekomendasi game pecinta game indie
Goated,True,Goated,Goated,goated,goated,goated,goated,goated,goated
"semenjak main di mobile 2 tahun yang lalu, sekarang gw comeback lagi main game ini dengan bermain di pc/laptop",True,"semenjak main di mobile 2 tahun yang lalu, sekarang gw comeback lagi main game ini dengan bermain di pc/laptop","semenjak main di mobile 2 tahun yang lalu, sekarang gw comeback lagi main game ini dengan bermain di pc/laptop","semenjak main di mobile 2 tahun yang lalu, sekarang gw comeback lagi main game ini dengan bermain di pc/laptop","semenjak main di mobile 2 tahun yang lalu, sekarang gw comeback lagi main game ini dengan bermain di pc/laptop",semenjak main di mobile 2 tahun yang lalu sekarang gw comeback lagi main game ini dengan bermain di pc laptop,semenjak main di mobile 2 tahun yang lalu sekarang gw comeback lagi main game ini dengan bermain di pc laptop,semenjak main di mobile 2 tahun yang lalu sekarang gue comeback lagi main game ini dengan main di pc laptop,semenjak main mobile 2 gue comeback main game main pc laptop
"game santai,ini menghiburku",True,"game santai,ini menghiburku","game santai,ini menghiburku","game santai,ini menghiburku","game santai,ini menghiburku",game santai ini menghiburku,game santai ini menghiburku,game santai ini hibur,game santai hibur
seru sekali,True,seru sekali,seru sekali,seru sekali,seru sekali,seru sekali,seru sekali,seru sekali,seru
Mesti kamu mainkan minimal sekali seumur hidup,True,Mesti kamu mainkan minimal sekali seumur hidup,Mesti kamu mainkan minimal sekali seumur hidup,mesti kamu mainkan minimal sekali seumur hidup,mesti kamu mainkan minimal sekali seumur hidup,mesti kamu mainkan minimal sekali seumur hidup,mesti kamu mainkan minimal sekali seumur hidup,mesti kamu main minimal sekali umur hidup,mesti main minimal umur hidup
permainan yang bagus,True,permainan yang bagus,permainan yang bagus,permainan yang bagus,permainan yang bagus,permainan yang bagus,permainan yang bagus,main yang bagus,main bagus
Just try and child with everything in it,True,Just try and child with everything in it,Just try and child with everything in it,just try and child with everything in it,just try and child with everything in it,just try and child with everything in it,just try and child with everything in it,just try and child with everything in it,just try and child with everything in it
"game yang kelihatannya sederhana di awal, tapi ternyata punya kedalaman yang bikin susah berhenti main. Kamu memulai dari nol—mewarisi kebun tua—lalu perlahan membangun kehidupan baru, mulai dari bertani, beternak, sampai menjalin hubungan dengan warga desa.

Gameplay-nya sangat bebas dan santai. Mau fokus farming, mining, fishing, atau sekadar bersosialisasi juga bisa. Justru di situ letak daya tariknya—nggak ada paksaan, semua berjalan sesuai ritme kamu sendiri. Setiap hari terasa produktif dan selalu ada hal baru untuk dilakukan, yang bikin efek “cuma satu hari lagi” itu jadi nyata banget

Yang bikin game ini spesial bukan cuma mekaniknya, tapi juga suasananya. Dunia Pelican Town terasa hidup, dengan karakter-karakter yang punya cerita dan kepribadian masing-masing. Dari yang santai sampai yang punya masalah hidup, semuanya bikin kamu merasa benar-benar jadi bagian dari komunitas tersebut

Selain itu, kontennya juga banyak banget—mulai dari eksplorasi tambang, event musiman, sampai sistem relationship yang bisa berkembang jadi pernikahan dan keluarga

Kesimpulannya, Stardew Valley adalah game yang cocok untuk kamu yang cari pengalaman santai tapi tetap bikin nagih. Entah dimainkan sendiri buat healing, atau bareng teman biar lebih seru, game ini punya cara unik untuk bikin kamu betah berjam-jam tanpa terasa 😄",True,"game yang kelihatannya sederhana di awal, tapi ternyata punya kedalaman yang bikin susah berhenti main. Kamu memulai dari nol—mewarisi kebun tua—lalu perlahan membangun kehidupan baru, mulai dari bertani, beternak, sampai menjalin hubungan dengan warga desa.

Gameplay-nya sangat bebas dan santai. Mau fokus farming, mining, fishing, atau sekadar bersosialisasi juga bisa. Justru di situ letak daya tariknya—nggak ada paksaan, semua berjalan sesuai ritme kamu sendiri. Setiap hari terasa produktif dan selalu ada hal baru untuk dilakukan, yang bikin efek “cuma satu hari lagi” itu jadi nyata banget

Yang bikin game ini spesial bukan cuma mekaniknya, tapi juga suasananya. Dunia Pelican Town terasa hidup, dengan karakter-karakter yang punya cerita dan kepribadian masing-masing. Dari yang santai sampai yang punya masalah hidup, semuanya bikin kamu merasa benar-benar jadi bagian dari komunitas tersebut

Selain itu, kontennya juga banyak banget—mulai dari eksplorasi tambang, event musiman, sampai sistem relationship yang bisa berkembang jadi pernikahan dan keluarga

Kesimpulannya, Stardew Valley adalah game yang cocok untuk kamu yang cari pengalaman santai tapi tetap bikin nagih. Entah dimainkan sendiri buat healing, atau bareng teman biar lebih seru, game ini punya cara unik untuk bikin kamu betah berjam-jam tanpa terasa 😄","game yang kelihatannya sederhana di awal, tapi ternyata punya kedalaman yang bikin susah berhenti main. Kamu memulai dari nol—mewarisi kebun tua—lalu perlahan membangun kehidupan baru, mulai dari bertani, beternak, sampai menjalin hubungan dengan warga desa.

Gameplay-nya sangat bebas dan santai. Mau fokus farming, mining, fishing, atau sekadar bersosialisasi juga bisa. Justru di situ letak daya tariknya—nggak ada paksaan, semua berjalan sesuai ritme kamu sendiri. Setiap hari terasa produktif dan selalu ada hal baru untuk dilakukan, yang bikin efek “cuma satu hari lagi” itu jadi nyata banget

Yang bikin game ini spesial bukan cuma mekaniknya, tapi juga suasananya. Dunia Pelican Town terasa hidup, dengan karakter-karakter yang punya cerita dan kepribadian masing-masing. Dari yang santai sampai yang punya masalah hidup, semuanya bikin kamu merasa benar-benar jadi bagian dari komunitas tersebut

Selain itu, kontennya juga banyak banget—mulai dari eksplorasi tambang, event musiman, sampai sistem relationship yang bisa berkembang jadi pernikahan dan keluarga

Kesimpulannya, Stardew Valley adalah game yang cocok untuk kamu yang cari pengalaman santai tapi tetap bikin nagih. Entah dimainkan sendiri buat healing, atau bareng teman biar lebih seru, game ini punya cara unik untuk bikin kamu betah berjam-jam tanpa terasa 😄","game yang kelihatannya sederhana di awal, tapi ternyata punya kedalaman yang bikin susah berhenti main. kamu memulai dari nol—mewarisi kebun tua—lalu perlahan membangun kehidupan baru, mulai dari bertani, beternak, sampai menjalin hubungan dengan warga desa.

gameplay-nya sangat bebas dan santai. mau fokus farming, mining, fishing, atau sekadar bersosialisasi juga bisa. justru di situ letak daya tariknya—nggak ada paksaan, semua berjalan sesuai ritme kamu sendiri. setiap hari terasa produktif dan selalu ada hal baru untuk dilakukan, yang bikin efek “cuma satu hari lagi” itu jadi nyata banget

yang bikin game ini spesial bukan cuma mekaniknya, tapi juga suasananya. dunia pelican town terasa hidup, dengan karakter-karakter yang punya cerita dan kepribadian masing-masing. dari yang santai sampai yang punya masalah hidup, semuanya bikin kamu merasa benar-benar jadi bagian dari komunitas tersebut

selain itu, kontennya juga banyak banget—mulai dari eksplorasi tambang, event musiman, sampai sistem relationship yang bisa berkembang jadi pernikahan dan keluarga

kesimpulannya, stardew valley adalah game yang cocok untuk kamu yang cari pengalaman santai tapi tetap bikin nagih. entah dimainkan sendiri buat healing, atau bareng teman biar lebih seru, game ini punya cara unik untuk bikin kamu betah berjam-jam tanpa terasa 😄","game yang kelihatannya sederhana di awal, tapi ternyata punya kedalaman yang bikin susah berhenti main. kamu memulai dari nol—mewarisi kebun tua—lalu perlahan membangun kehidupan baru, mulai dari bertani, beternak, sampai menjalin hubungan dengan warga desa.

gameplay-nya sangat bebas dan santai. mau fokus farming, mining, fishing, atau sekadar bersosialisasi juga bisa. justru di situ letak daya tariknya—nggak ada paksaan, semua berjalan sesuai ritme kamu sendiri. setiap hari terasa produktif dan selalu ada hal baru untuk dilakukan, yang bikin efek “cuma satu hari lagi” itu jadi nyata banget

yang bikin game ini spesial bukan cuma mekaniknya, tapi juga suasananya. dunia pelican town terasa hidup, dengan karakter-karakter yang punya cerita dan kepribadian masing-masing. dari yang santai sampai yang punya masalah hidup, semuanya bikin kamu merasa benar-benar jadi bagian dari komunitas tersebut

selain itu, kontennya juga banyak banget—mulai dari eksplorasi tambang, event musiman, sampai sistem relationship yang bisa berkembang jadi pernikahan dan keluarga

kesimpulannya, stardew valley adalah game yang cocok untuk kamu yang cari pengalaman santai tapi tetap bikin nagih. entah dimainkan sendiri buat healing, atau bareng teman biar lebih seru, game ini punya cara unik untuk bikin kamu betah berjam-jam tanpa terasa 😄",game yang kelihatannya sederhana di awal tapi ternyata punya kedalaman yang bikin susah berhenti main kamu memulai dari nol—mewarisi kebun tua—lalu perlahan membangun kehidupan baru mulai dari bertani beternak sampai menjalin hubungan dengan warga desa gameplay nya sangat bebas dan santai mau fokus farming mining fishing atau sekadar bersosialisasi juga bisa justru di situ letak daya tariknya—nggak ada paksaan semua berjalan sesuai ritme kamu sendiri setiap hari terasa produktif dan selalu ada hal baru untuk dilakukan yang bikin efek “cuma satu hari lagi” itu jadi nyata banget yang bikin game ini spesial bukan cuma mekaniknya tapi juga suasananya dunia pelican town terasa hidup dengan karakter karakter yang punya cerita dan kepribadian masing masing dari yang santai sampai yang punya masalah hidup semuanya bikin kamu merasa benar benar jadi bagian dari komunitas tersebut selain itu kontennya juga banyak banget—mulai dari eksplorasi tambang event musiman sampai sistem relationship yang bisa berkembang jadi pernikahan dan keluarga kesimpulannya stardew valley adalah game yang cocok untuk kamu yang cari pengalaman santai tapi tetap bikin nagih entah dimainkan sendiri buat healing atau bareng teman biar lebih seru game ini punya cara unik untuk bikin kamu betah berjam jam tanpa terasa 😄,game yang kelihatannya sederhana di awal tapi ternyata punya kedalaman yang bikin susah berhenti main kamu memulai dari nol—mewarisi kebun tua—lalu perlahan membangun kehidupan baru mulai dari bertani beternak sampai menjalin hubungan dengan warga desa gameplay nya sangat bebas dan santai mau fokus farming mining fishing atau sekadar bersosialisasi juga bisa justru di situ letak daya tariknya—nggak ada paksaan semua berjalan sesuai ritme kamu sendiri setiap hari terasa produktif dan selalu ada hal baru untuk dilakukan yang bikin efek “cuma satu hari lagi” itu jadi nyata banget yang bikin game ini spesial bukan cuma mekaniknya tapi juga suasananya dunia pelican town terasa hidup dengan karakter karakter yang punya cerita dan kepribadian masing masing dari yang santai sampai yang punya masalah hidup semuanya bikin kamu merasa benar benar jadi bagian dari komunitas tersebut selain itu kontennya juga banyak banget—mulai dari eksplorasi tambang event musiman sampai sistem relationship yang bisa berkembang jadi pernikahan dan keluarga kesimpulannya stardew valley adalah game yang cocok untuk kamu yang cari pengalaman santai tapi tetap bikin nagih entah dimainkan sendiri buat healing atau bareng teman biar lebih seru game ini punya cara unik untuk bikin kamu betah berjam jam tanpa terasa ,game yang lihat sederhana di awal tapi nyata punya dalam yang bikin susah henti main kamu mulai dari nol—mewarisi kebun tua—lalu perlahan bangun hidup baru mulai dari tani ternak sampai jalin hubung dengan warga desa gameplay nya sangat bebas dan santai mau fokus farming memining fishing atau kadar sosialisasi juga bisa justru di situ letak daya tariknya—nggak ada paksa semua jalan sesuai ritme kamu sendiri tiap hari asa produktif dan selalu ada hal baru untuk laku yang bikin efek “cuma satu hari lagi” itu jadi nyata banget yang bikin game ini spesial bukan cuma mekanik tapi juga suasana dunia pelican town asa hidup dengan karakter karakter yang punya cerita dan pribadi masing memasing dari yang santai sampai yang punya masalah hidup semua bikin kamu rasa benar benar jadi bagi dari komunitas sebut selain itu kontan juga banyak banget—mulai dari eksplorasi tambang event musim sampai sistem relationship yang bisa kembang jadi nikah dan keluarga simpul stardew valley adalah game yang cocok untuk kamu yang cari alam santai tapi tetap bikin tagih entah main sendiri buat healing atau bareng teman biar lebih seru game ini punya cara unik untuk bikin kamu betah jam jam tanpa asa ,game lihat sederhana nyata bikin susah henti main nol—mewarisi kebun tua—lalu perlahan bangun hidup tani ternak jalin hubung warga desa gameplay nya bebas santai fokus farming memining fishing kadar sosialisasi situ letak daya tariknya—nggak paksa jalan sesuai ritme asa produktif laku bikin efek “cuma lagi” nyata banget bikin game spesial mekanik suasana dunia pelican town asa hidup karakter karakter cerita pribadi memasing santai hidup bikin komunitas kontan banget—mulai eksplorasi tambang event musim sistem relationship kembang nikah keluarga simpul stardew valley game cocok cari alam santai bikin tagih main healing bareng teman biar seru game unik bikin betah jam jam asa
Moddingnya  yang buat replay timenya banyak,True,Moddingnya  yang buat replay timenya banyak,Moddingnya  yang buat replay timenya banyak,moddingnya  yang buat replay timenya banyak,moddingnya  yang buat replay timenya banyak,moddingnya yang buat replay timenya banyak,moddingnya yang buat replay timenya banyak,moddingnya yang buat replay timenya banyak,moddingnya replay timenya
"Asik banget ini game, aku jadi ga main game kompetitif habis beli Stardew Valley. Lumayan lah buat santai sama tenangin diri. Recommended :)",True,"Asik banget ini game, aku jadi ga main game kompetitif habis beli Stardew Valley. Lumayan lah buat santai sama tenangin diri. Recommended :)","Asik banget ini game, aku jadi ga main game kompetitif habis beli Stardew Valley. Lumayan lah buat santai sama tenangin diri. Recommended :)","asik banget ini game, aku jadi ga main game kompetitif habis beli stardew valley. lumayan lah buat santai sama tenangin diri. recommended :)","asik banget ini game, aku jadi ga main game kompetitif habis beli stardew valley. lumayan lah buat santai sama tenangin diri. recommended :)",asik banget ini game aku jadi ga main game kompetitif habis beli stardew valley lumayan lah buat santai sama tenangin diri recommended,asik banget ini game aku jadi ga main game kompetitif habis beli stardew valley lumayan lah buat santai sama tenangin diri recommended,asik banget ini game aku jadi tidak main game kompetitif habis beli stardew valley lumayan lah buat santai sama tenang diri recommended,asik banget game main game kompetitif habis beli stardew valley lumayan santai tenang recommended
"Saya akan bermain game ini seumur hidup, karna game ini sangat kompleks seperti game harvest moon thanks develop master piece",True,"Saya akan bermain game ini seumur hidup, karna game ini sangat kompleks seperti game harvest moon thanks develop master piece","Saya akan bermain game ini seumur hidup, karna game ini sangat kompleks seperti game harvest moon thanks develop master piece","saya akan bermain game ini seumur hidup, karna game ini sangat kompleks seperti game harvest moon thanks develop master piece","saya akan bermain game ini seumur hidup, karna game ini sangat kompleks seperti game harvest moon thanks develop master piece",saya akan bermain game ini seumur hidup karna game ini sangat kompleks seperti game harvest moon thanks develop master piece,saya akan bermain game ini seumur hidup karna game ini sangat kompleks seperti game harvest moon thanks develop master piece,saya akan main game ini umur hidup karna game ini sangat kompleks seperti game harvest memoon thanks develop master piece,main game umur hidup karna game kompleks game harvest memoon thanks develop master piece
JUST PERFECT :),True,JUST PERFECT :),JUST PERFECT :),just perfect :),just perfect :),just perfect,just perfect,just perfect,just perfect
"aku suka sekali dengan game ini, yang pasti aku tidak merasa harus terus memainkan game ini. aku bisa berhenti sehari 2 hari untuk dunia realita. cocok game bapak2",True,"aku suka sekali dengan game ini, yang pasti aku tidak merasa harus terus memainkan game ini. aku bisa berhenti sehari 2 hari untuk dunia realita. cocok game bapak2","aku suka sekali dengan game ini, yang pasti aku tidak merasa harus terus memainkan game ini. aku bisa berhenti sehari 2 hari untuk dunia realita. cocok game bapak2","aku suka sekali dengan game ini, yang pasti aku tidak merasa harus terus memainkan game ini. aku bisa berhenti sehari 2 hari untuk dunia realita. cocok game bapak2","aku suka sekali dengan game ini, yang pasti aku tidak merasa harus terus memainkan game ini. aku bisa berhenti sehari 2 hari untuk dunia realita. cocok game bapak2",aku suka sekali dengan game ini yang pasti aku tidak merasa harus terus memainkan game ini aku bisa berhenti sehari 2 hari untuk dunia realita cocok game bapak2,aku suka sekali dengan game ini yang pasti aku tidak merasa harus terus memainkan game ini aku bisa berhenti sehari 2 hari untuk dunia realita cocok game bapak2,aku suka sekali dengan game ini yang pasti aku tidak rasa harus terus main game ini aku bisa henti sehari 2 hari untuk dunia realita cocok game bapak2,suka game main game henti sehari 2 dunia realita cocok game bapak2
nice,True,nice,nice,nice,nice,nice,nice,menice,menice
GG,True,GG,GG,gg,gg,gg,gg,gg,gg
game santai sangat satisfying,True,game santai sangat satisfying,game santai sangat satisfying,game santai sangat satisfying,game santai sangat satisfying,game santai sangat satisfying,game santai sangat satisfying,game santai sangat satisfying,game santai satisfying
seru game nya saya ketagihan 4 hari 4 malam tidak tidur,True,seru game nya saya ketagihan 4 hari 4 malam tidak tidur,seru game nya saya ketagihan 4 hari 4 malam tidak tidur,seru game nya saya ketagihan 4 hari 4 malam tidak tidur,seru game nya saya ketagihan 4 hari 4 malam tidak tidur,seru game nya saya ketagihan 4 hari 4 malam tidak tidur,seru game nya saya ketagihan 4 hari 4 malam tidak tidur,seru game nya saya tagih 4 hari 4 malam tidak tidur,seru game nya tagih 4 4 malam tidur
it is just that good,True,it is just that good,it is just that good,it is just that good,it is just that good,it is just that good,it is just that good,it is just that good,it is just that good
"SANGAT BAGUSSSS, WAJIB COBA!!!!!!!!",True,"SANGAT BAGUSSSS, WAJIB COBA!!!!!!!!","SANGAT BAGUSSSS, WAJIB COBA!!!!!!!!","sangat bagussss, wajib coba!!!!!!!!","sangat bagussss, wajib coba!!!!!!!!",sangat bagussss wajib coba,sangat bagussss wajib coba,sangat bagussss wajib coba,bagussss wajib coba
KARNA MASTER PIECE,True,KARNA MASTER PIECE,KARNA MASTER PIECE,karna master piece,karna master piece,karna master piece,karna master piece,karna master piece,karna master piece
worth it,True,worth it,worth it,worth it,worth it,worth it,worth it,worth it,worth it
"best
",True,"best
","best
","best
","best
",best,best,best,best
"gg
",True,"gg
","gg
","gg
","gg
",gg,gg,gg,gg
this good game worth it,True,this good game worth it,this good game worth it,this good game worth it,this good game worth it,this good game worth it,this good game worth it,this good game worth it,this good game worth it
"sam my bini
",True,"sam my bini
","sam my bini
","sam my bini
","sam my bini
",sam my bini,sam my bini,sam my bini,sam my bini
good game very peacefull,True,good game very peacefull,good game very peacefull,good game very peacefull,good game very peacefull,good game very peacefull,good game very peacefull,good game very peacefull,good game very peacefull
REAL TIME SPENDING,True,REAL TIME SPENDING,REAL TIME SPENDING,real time spending,real time spending,real time spending,real time spending,real time spending,real time spending
enjoy main nya,True,enjoy main nya,enjoy main nya,enjoy main nya,enjoy main nya,enjoy main nya,enjoy main nya,enjoy main nya,enjoy main nya
bagus bet,True,bagus bet,bagus bet,bagus bet,bagus bet,bagus bet,bagus bet,bagus bet,bagus bet
chill game,True,chill game,chill game,chill game,chill game,chill game,chill game,chill game,chill game
Joja corp antek aseng #adilimorris #adilijoja,True,Joja corp antek aseng #adilimorris #adilijoja,Joja corp antek aseng  ,joja corp antek aseng  ,joja corp antek aseng  ,joja corp antek aseng,joja corp antek aseng,joja corp antek aseng,joja corp antek aseng
gokil,True,gokil,gokil,gokil,gokil,gokil,gokil,gokil,gokil
game santai cocok kalo bosen main game kompe,True,game santai cocok kalo bosen main game kompe,game santai cocok kalo bosen main game kompe,game santai cocok kalo bosen main game kompe,game santai cocok kalo bosen main game kompe,game santai cocok kalo bosen main game kompe,game santai cocok kalo bosen main game kompe,game santai cocok kalau bosan main game kompe,game santai cocok bosan main game kompe
game yg seru,True,game yg seru,game yg seru,game yg seru,game yg seru,game yg seru,game yg seru,game yang seru,game seru
"Materpiace Game Ever, Bisa mabar juga event nya bnyak intinya game bagus lah",True,"Materpiace Game Ever, Bisa mabar juga event nya bnyak intinya game bagus lah","Materpiace Game Ever, Bisa mabar juga event nya bnyak intinya game bagus lah","materpiace game ever, bisa mabar juga event nya bnyak intinya game bagus lah","materpiace game ever, bisa mabar juga event nya bnyak intinya game bagus lah",materpiace game ever bisa mabar juga event nya bnyak intinya game bagus lah,materpiace game ever bisa mabar juga event nya bnyak intinya game bagus lah,materpiace game ever bisa mabar juga event nya bnyak inti game bagus lah,materpiace game ever mabar event nya bnyak inti game bagus
Recomended,True,Recomended,Recomended,recomended,recomended,recomended,recomended,recomended,recomended
"sangat bagus, terlabih lagi grafinknya meskipun pixsel tapi menurut ku itu salah satu kombinasi yang cocok untuk menyempurnakan konten gamenya.",True,"sangat bagus, terlabih lagi grafinknya meskipun pixsel tapi menurut ku itu salah satu kombinasi yang cocok untuk menyempurnakan konten gamenya.","sangat bagus, terlabih lagi grafinknya meskipun pixsel tapi menurut ku itu salah satu kombinasi yang cocok untuk menyempurnakan konten gamenya.","sangat bagus, terlabih lagi grafinknya meskipun pixsel tapi menurut ku itu salah satu kombinasi yang cocok untuk menyempurnakan konten gamenya.","sangat bagus, terlabih lagi grafinknya meskipun pixsel tapi menurut ku itu salah satu kombinasi yang cocok untuk menyempurnakan konten gamenya.",sangat bagus terlabih lagi grafinknya meskipun pixsel tapi menurut ku itu salah satu kombinasi yang cocok untuk menyempurnakan konten gamenya,sangat bagus terlabih lagi grafinknya meskipun pixsel tapi menurut ku itu salah satu kombinasi yang cocok untuk menyempurnakan konten gamenya,sangat bagus terlabih lagi grafinknya meski pixsel tapi turut ku itu salah satu kombinasi yang cocok untuk sempurna kontan gamenya,bagus terlabih grafinknya pixsel ku salah kombinasi cocok sempurna kontan gamenya
asik bisa merasakan slow living & mendapatkan my bini,True,asik bisa merasakan slow living & mendapatkan my bini,asik bisa merasakan slow living & mendapatkan my bini,asik bisa merasakan slow living & mendapatkan my bini,asik bisa merasakan slow living & mendapatkan my bini,asik bisa merasakan slow living mendapatkan my bini,asik bisa merasakan slow living mendapatkan my bini,asik bisa rasa slow living dapat my bini,asik slow living my bini
i like this game so much,True,i like this game so much,i like this game so much,i like this game so much,i like this game so much,i like this game so much,i like this game so much,i like this game so much,i like this game so much
my istri haley,True,my istri haley,my istri haley,my istri haley,my istri haley,my istri haley,my istri haley,my istri haley,my istri haley
NICE GAME,True,NICE GAME,NICE GAME,nice game,nice game,nice game,nice game,menice game,menice game
terbaik,True,terbaik,terbaik,terbaik,terbaik,terbaik,terbaik,baik,
Good,True,Good,Good,good,good,good,good,good,good
very chill but also full grinding mode. i love playing to relax my mind but also focused on my own progress,True,very chill but also full grinding mode. i love playing to relax my mind but also focused on my own progress,very chill but also full grinding mode. i love playing to relax my mind but also focused on my own progress,very chill but also full grinding mode. i love playing to relax my mind but also focused on my own progress,very chill but also full grinding mode. i love playing to relax my mind but also focused on my own progress,very chill but also full grinding mode i love playing to relax my mind but also focused on my own progress,very chill but also full grinding mode i love playing to relax my mind but also focused on my own progress,very chill but also full grinding mode i love playing to relax my mind but also focused on my own progress,very chill but also full grinding mode i love playing to relax my mind but also focused on my own progress
comfort game,True,comfort game,comfort game,comfort game,comfort game,comfort game,comfort game,comfort game,comfort game
This game make me realize I don't have a good survival instinct (I download this just for NPC Nanami),True,This game make me realize I don't have a good survival instinct (I download this just for NPC Nanami),This game make me realize I don't have a good survival instinct (I download this just for NPC Nanami),this game make me realize i don't have a good survival instinct (i download this just for npc nanami),this game make me realize i don't have a good survival instinct (i download this just for npc nanami),this game make me realize i don t have a good survival instinct i download this just for npc nanami,this game make me realize i don t have a good survival instinct i download this just for npc nanami,this game make me realize i don t have a good survival instinct i download this just for npc tanam,this game make me realize i don t have a good survival instinct i download this just for npc tanam
"mantappp

",True,"mantappp

","mantappp

","mantappp

","mantappp

",mantappp,mantappp,mantappp,mantappp
"game ini bagus 
-bisa mancing 
-bisa bertani
-bisa pelihara hewan
-bisa mining dan lawan monster
-dll
",True,"game ini bagus 
-bisa mancing 
-bisa bertani
-bisa pelihara hewan
-bisa mining dan lawan monster
-dll
","game ini bagus 
-bisa mancing 
-bisa bertani
-bisa pelihara hewan
-bisa mining dan lawan monster
-dll
","game ini bagus 
-bisa mancing 
-bisa bertani
-bisa pelihara hewan
-bisa mining dan lawan monster
-dll
","game ini bagus 
-bisa mancing 
-bisa bertani
-bisa pelihara hewan
-bisa mining dan lawan monster
-dll
",game ini bagus bisa mancing bisa bertani bisa pelihara hewan bisa mining dan lawan monster dll,game ini bagus bisa mancing bisa bertani bisa pelihara hewan bisa mining dan lawan monster dll,game ini bagus bisa pancing bisa tani bisa pelihara hewan bisa memining dan lawan monster dll,game bagus pancing tani pelihara hewan memining lawan monster dll
"recomend banget lah pokoknya
",True,"recomend banget lah pokoknya
","recomend banget lah pokoknya
","recomend banget lah pokoknya
","recomend banget lah pokoknya
",recomend banget lah pokoknya,recomend banget lah pokoknya,recomend banget lah pokok,recomend banget pokok
Gamenya sangat sangat bikin enjoy dan nuansa yang bikin tenang,True,Gamenya sangat sangat bikin enjoy dan nuansa yang bikin tenang,Gamenya sangat sangat bikin enjoy dan nuansa yang bikin tenang,gamenya sangat sangat bikin enjoy dan nuansa yang bikin tenang,gamenya sangat sangat bikin enjoy dan nuansa yang bikin tenang,gamenya sangat sangat bikin enjoy dan nuansa yang bikin tenang,gamenya sangat sangat bikin enjoy dan nuansa yang bikin tenang,game sangat sangat bikin enjoy dan nuansa yang bikin tenang,game bikin enjoy nuansa bikin tenang
ww,True,ww,ww,ww,ww,ww,ww,ww,ww
Good game,True,Good game,Good game,good game,good game,good game,good game,good game,good game
wajib coba,True,wajib coba,wajib coba,wajib coba,wajib coba,wajib coba,wajib coba,wajib coba,wajib coba
"wow, game ini membuatku tidak menyetuh rumput berhari2",True,"wow, game ini membuatku tidak menyetuh rumput berhari2","wow, game ini membuatku tidak menyetuh rumput berhari2","wow, game ini membuatku tidak menyetuh rumput berhari2","wow, game ini membuatku tidak menyetuh rumput berhari2",wow game ini membuatku tidak menyetuh rumput berhari2,wow game ini membuatku tidak menyetuh rumput berhari2,wow game ini buat tidak menyetuh rumput berhari2,wow game menyetuh rumput berhari2
nice game,True,nice game,nice game,nice game,nice game,nice game,nice game,menice game,menice game
sangat seru saya suka game seperti ini,True,sangat seru saya suka game seperti ini,sangat seru saya suka game seperti ini,sangat seru saya suka game seperti ini,sangat seru saya suka game seperti ini,sangat seru saya suka game seperti ini,sangat seru saya suka game seperti ini,sangat seru saya suka game seperti ini,seru suka game
"Sejauh ini enjoy banget mainin ini game, kecuali saat memancing.",True,"Sejauh ini enjoy banget mainin ini game, kecuali saat memancing.","Sejauh ini enjoy banget mainin ini game, kecuali saat memancing.","sejauh ini enjoy banget mainin ini game, kecuali saat memancing.","sejauh ini enjoy banget mainin ini game, kecuali saat memancing.",sejauh ini enjoy banget mainin ini game kecuali saat memancing,sejauh ini enjoy banget mainin ini game kecuali saat memancing,jauh ini enjoy banget main ini game kecuali saat pancing,enjoy banget main game kecuali pancing
bertani dan mempunyai kehidupan baru WWW,True,bertani dan mempunyai kehidupan baru WWW,bertani dan mempunyai kehidupan baru WWW,bertani dan mempunyai kehidupan baru www,bertani dan mempunyai kehidupan baru www,bertani dan mempunyai kehidupan baru www,bertani dan mempunyai kehidupan baru www,tani dan punya hidup baru www,tani hidup www
very good and calm,True,very good and calm,very good and calm,very good and calm,very good and calm,very good and calm,very good and calm,very good and calm,very good and calm
ntaps,True,ntaps,ntaps,ntaps,ntaps,ntaps,ntaps,ntaps,ntaps
the best game ever!!,True,the best game ever!!,the best game ever!!,the best game ever!!,the best game ever!!,the best game ever,the best game ever,the best game ever,the best game ever
"Gamenya bagus, cocok dimainin waktu santai, lagu lagunya juga bagus dan bikin tenang, bikin lupa waktu cokkk",True,"Gamenya bagus, cocok dimainin waktu santai, lagu lagunya juga bagus dan bikin tenang, bikin lupa waktu cokkk","Gamenya bagus, cocok dimainin waktu santai, lagu lagunya juga bagus dan bikin tenang, bikin lupa waktu cokkk","gamenya bagus, cocok dimainin waktu santai, lagu lagunya juga bagus dan bikin tenang, bikin lupa waktu cokkk","gamenya bagus, cocok dimainin waktu santai, lagu lagunya juga bagus dan bikin tenang, bikin lupa waktu cokkk",gamenya bagus cocok dimainin waktu santai lagu lagunya juga bagus dan bikin tenang bikin lupa waktu cokkk,gamenya bagus cocok dimainin waktu santai lagu lagunya juga bagus dan bikin tenang bikin lupa waktu cokkk,game bagus cocok main waktu santai lagu lagu juga bagus dan bikin tenang bikin lupa waktu cokkk,game bagus cocok main santai lagu lagu bagus bikin tenang bikin lupa cokkk
one of greatest indie game of all time,True,one of greatest indie game of all time,one of greatest indie game of all time,one of greatest indie game of all time,one of greatest indie game of all time,one of greatest indie game of all time,one of greatest indie game of all time,one of greatest indie game of all time,one of greatest indie game of all time
"BAGUS
",True,"BAGUS
","BAGUS
","bagus
","bagus
",bagus,bagus,bagus,bagus
Mntap cocok buat yg mau santai,True,Mntap cocok buat yg mau santai,Mntap cocok buat yg mau santai,mntap cocok buat yg mau santai,mntap cocok buat yg mau santai,mntap cocok buat yg mau santai,mntap cocok buat yg mau santai,mntap cocok buat yang mau santai,mntap cocok santai
keren,True,keren,keren,keren,keren,keren,keren,keren,keren
"the best farm sim game ever, no debat",True,"the best farm sim game ever, no debat","the best farm sim game ever, no debat","the best farm sim game ever, no debat","the best farm sim game ever, no debat",the best farm sim game ever no debat,the best farm sim game ever no debat,the best farm sim game ever no debat,the best farm sim game ever no debat
recommended,True,recommended,recommended,recommended,recommended,recommended,recommended,recommended,recommended
"Overall it's a great game. Cocok buat orang yang suka game chill. Story 8/10, Graphics Pixel/10, Gameplay 10/10",True,"Overall it's a great game. Cocok buat orang yang suka game chill. Story 8/10, Graphics Pixel/10, Gameplay 10/10","Overall it's a great game. Cocok buat orang yang suka game chill. Story 8/10, Graphics Pixel/10, Gameplay 10/10","overall it's a great game. cocok buat orang yang suka game chill. story 8/10, graphics pixel/10, gameplay 10/10","overall it's a great game. cocok buat orang yang suka game chill. story 8/10, graphics pixel/10, gameplay 10/10",overall it s a great game cocok buat orang yang suka game chill story 8 10 graphics pixel 10 gameplay 10 10,overall it s a great game cocok buat orang yang suka game chill story 8 10 graphics pixel 10 gameplay 10 10,overall it s a great game cocok buat orang yang suka game chill story 8 10 graphics pixel 10 gameplay 10 10,overall it s a great game cocok orang suka game chill story 8 10 graphics pixel 10 gameplay 10 10
Chill games,True,Chill games,Chill games,chill games,chill games,chill games,chill games,chill games,chill games
chill game,True,chill game,chill game,chill game,chill game,chill game,chill game,chill game,chill game
THE BEST FARMING SIMULATOR!!!WAJIB BANGET BUAT DICOBA,True,THE BEST FARMING SIMULATOR!!!WAJIB BANGET BUAT DICOBA,THE BEST FARMING SIMULATOR!!!WAJIB BANGET BUAT DICOBA,the best farming simulator!!!wajib banget buat dicoba,the best farming simulator!!!wajib banget buat dicoba,the best farming simulator wajib banget buat dicoba,the best farming simulator wajib banget buat dicoba,the best farming simulator wajib banget buat coba,the best farming simulator wajib banget coba
Chill games,True,Chill games,Chill games,chill games,chill games,chill games,chill games,chill games,chill games
gud,True,gud,gud,gud,gud,gud,gud,gud,gud
"If you want to forget time exist, play ts",True,"If you want to forget time exist, play ts","If you want to forget time exist, play ts","if you want to forget time exist, play ts","if you want to forget time exist, play ts",if you want to forget time exist play ts,if you want to forget time exist play ts,if you want to forget time exist play ts,if you want to forget time exist play ts
Still waiting Stardew Valley update,True,Still waiting Stardew Valley update,Still waiting Stardew Valley update,still waiting stardew valley update,still waiting stardew valley update,still waiting stardew valley update,still waiting stardew valley update,still waiting stardew valley update,still waiting stardew valley update
ENAK NAGIHHH,True,ENAK NAGIHHH,ENAK NAGIHHH,enak nagihhh,enak nagihhh,enak nagihhh,enak nagihhh,enak nagihhh,enak nagihhh
Saya Suka Ini Game Santai Tenang Relate😊,True,Saya Suka Ini Game Santai Tenang Relate😊,Saya Suka Ini Game Santai Tenang Relate😊,saya suka ini game santai tenang relate😊,saya suka ini game santai tenang relate😊,saya suka ini game santai tenang relate😊,saya suka ini game santai tenang relate,saya suka ini game santai tenang relate,suka game santai tenang relate
"gamenya keren,membuat saya bercita cita ingin pergi ke lembah pedalaman dan menjadi petani serta membangun harem bersama dengan para penduduk wanita di sana",True,"gamenya keren,membuat saya bercita cita ingin pergi ke lembah pedalaman dan menjadi petani serta membangun harem bersama dengan para penduduk wanita di sana","gamenya keren,membuat saya bercita cita ingin pergi ke lembah pedalaman dan menjadi petani serta membangun harem bersama dengan para penduduk wanita di sana","gamenya keren,membuat saya bercita cita ingin pergi ke lembah pedalaman dan menjadi petani serta membangun harem bersama dengan para penduduk wanita di sana","gamenya keren,membuat saya bercita cita ingin pergi ke lembah pedalaman dan menjadi petani serta membangun harem bersama dengan para penduduk wanita di sana",gamenya keren membuat saya bercita cita ingin pergi ke lembah pedalaman dan menjadi petani serta membangun harem bersama dengan para penduduk wanita di sana,gamenya keren membuat saya bercita cita ingin pergi ke lembah pedalaman dan menjadi petani serta membangun harem bersama dengan para penduduk wanita di sana,game keren buat saya cita cita ingin pergi ke lembah pedalaman dan jadi petan serta bangun harem sama dengan para duduk wanita di sana,game keren cita cita pergi lembah pedalaman petan bangun harem duduk wanita
Keereeeeeennnn....,True,Keereeeeeennnn....,Keereeeeeennnn....,keereeeeeennnn....,keereeeeeennnn....,keereeeeeennnn,keereeeeeennnn,keereeeeeennnn,keereeeeeennnn
bagus buat bucin,True,bagus buat bucin,bagus buat bucin,bagus buat bucin,bagus buat bucin,bagus buat bucin,bagus buat bucin,bagus buat bucin,bagus bucin
"Berasa main harvest moon era ps1 tapi versi unik,",True,"Berasa main harvest moon era ps1 tapi versi unik,","Berasa main harvest moon era ps1 tapi versi unik,","berasa main harvest moon era ps1 tapi versi unik,","berasa main harvest moon era ps1 tapi versi unik,",berasa main harvest moon era ps1 tapi versi unik,berasa main harvest moon era ps1 tapi versi unik,asa main harvest memoon era ps1 tapi versi unik,asa main harvest memoon era ps1 versi unik
"game terbaik
",True,"game terbaik
","game terbaik
","game terbaik
","game terbaik
",game terbaik,game terbaik,game baik,game
game mirip harvest moon namun lebih bebas dan luas,True,game mirip harvest moon namun lebih bebas dan luas,game mirip harvest moon namun lebih bebas dan luas,game mirip harvest moon namun lebih bebas dan luas,game mirip harvest moon namun lebih bebas dan luas,game mirip harvest moon namun lebih bebas dan luas,game mirip harvest moon namun lebih bebas dan luas,game mirip harvest memoon namun lebih bebas dan luas,game harvest memoon bebas luas
"rasanya baru main sebentar tapi waktu berlalu sangat  cepat kalau main game ini!!!
RECOMENDED",True,"rasanya baru main sebentar tapi waktu berlalu sangat  cepat kalau main game ini!!!
RECOMENDED","rasanya baru main sebentar tapi waktu berlalu sangat  cepat kalau main game ini!!!
RECOMENDED","rasanya baru main sebentar tapi waktu berlalu sangat  cepat kalau main game ini!!!
recomended","rasanya baru main sebentar tapi waktu berlalu sangat  cepat kalau main game ini!!!
recomended",rasanya baru main sebentar tapi waktu berlalu sangat cepat kalau main game ini recomended,rasanya baru main sebentar tapi waktu berlalu sangat cepat kalau main game ini recomended,rasa baru main sebentar tapi waktu lalu sangat cepat kalau main game ini recomended,main sebentar cepat main game recomended
"seronok wak,",True,"seronok wak,","seronok wak,","seronok wak,","seronok wak,",seronok wak,seronok wak,seronok wak,seronok wak
seru banget,True,seru banget,seru banget,seru banget,seru banget,seru banget,seru banget,seru banget,seru banget
Great!!!,True,Great!!!,Great!!!,great!!!,great!!!,great,great,great,great
enjoyable game,True,enjoyable game,enjoyable game,enjoyable game,enjoyable game,enjoyable game,enjoyable game,enjoyable game,enjoyable game
Bagus banget game nya suka bisa berkreasi sesuka hati mantap....,True,Bagus banget game nya suka bisa berkreasi sesuka hati mantap....,Bagus banget game nya suka bisa berkreasi sesuka hati mantap....,bagus banget game nya suka bisa berkreasi sesuka hati mantap....,bagus banget game nya suka bisa berkreasi sesuka hati mantap....,bagus banget game nya suka bisa berkreasi sesuka hati mantap,bagus banget game nya suka bisa berkreasi sesuka hati mantap,bagus banget game nya suka bisa kreasi suka hati mantap,bagus banget game nya suka kreasi suka hati mantap
"bagus
",True,"bagus
","bagus
","bagus
","bagus
",bagus,bagus,bagus,bagus
"seru bgt sih parah, apalagi kalo yang versi mobilenya bisa cooperation, bisa lebih seru lagi
",True,"seru bgt sih parah, apalagi kalo yang versi mobilenya bisa cooperation, bisa lebih seru lagi
","seru bgt sih parah, apalagi kalo yang versi mobilenya bisa cooperation, bisa lebih seru lagi
","seru bgt sih parah, apalagi kalo yang versi mobilenya bisa cooperation, bisa lebih seru lagi
","seru bgt sih parah, apalagi kalo yang versi mobilenya bisa cooperation, bisa lebih seru lagi
",seru bgt sih parah apalagi kalo yang versi mobilenya bisa cooperation bisa lebih seru lagi,seru bgt sih parah apalagi kalo yang versi mobilenya bisa cooperation bisa lebih seru lagi,seru banget sih parah apalagi kalau yang versi mobilenya bisa cooperation bisa lebih seru lagi,seru banget sih parah versi mobilenya cooperation seru
What a game.,True,What a game.,What a game.,what a game.,what a game.,what a game,what a game,what a game,what a game
"game yang sangat bagus, seperti harvestmoon tapi yang ini menurut ku lebih banyak aktifitasnya",True,"game yang sangat bagus, seperti harvestmoon tapi yang ini menurut ku lebih banyak aktifitasnya","game yang sangat bagus, seperti harvestmoon tapi yang ini menurut ku lebih banyak aktifitasnya","game yang sangat bagus, seperti harvestmoon tapi yang ini menurut ku lebih banyak aktifitasnya","game yang sangat bagus, seperti harvestmoon tapi yang ini menurut ku lebih banyak aktifitasnya",game yang sangat bagus seperti harvestmoon tapi yang ini menurut ku lebih banyak aktifitasnya,game yang sangat bagus seperti harvestmoon tapi yang ini menurut ku lebih banyak aktifitasnya,game yang sangat bagus seperti harvestmoon tapi yang ini turut ku lebih banyak aktifitasnya,game bagus harvestmoon ku aktifitasnya
w gem,True,w gem,w gem,w gem,w gem,w gem,w gem,gue gem,gue gem
iya game ini sangat menyenangkan.,True,iya game ini sangat menyenangkan.,iya game ini sangat menyenangkan.,iya game ini sangat menyenangkan.,iya game ini sangat menyenangkan.,iya game ini sangat menyenangkan,iya game ini sangat menyenangkan,iya game ini sangat senang,iya game senang
this game is ruining my life,True,this game is ruining my life,this game is ruining my life,this game is ruining my life,this game is ruining my life,this game is ruining my life,this game is ruining my life,this game is ruining my life,this game is ruining my life
good,True,good,good,good,good,good,good,good,good
best,True,best,best,best,best,best,best,best,best
"game pertama yang berhasil aku beli di steam! game ini jadi motivasi aku untuk cepet selesaikan skripsi dan voila, I MADE IT! game sederhana (tapi juga kompleks) yg mana isinya ga cuma farming, tapi banyak banget hal yang bisa dieksplor dan diselesaikan. buat alumni harvest moon, cocok banget untuk main game ini!",True,"game pertama yang berhasil aku beli di steam! game ini jadi motivasi aku untuk cepet selesaikan skripsi dan voila, I MADE IT! game sederhana (tapi juga kompleks) yg mana isinya ga cuma farming, tapi banyak banget hal yang bisa dieksplor dan diselesaikan. buat alumni harvest moon, cocok banget untuk main game ini!","game pertama yang berhasil aku beli di steam! game ini jadi motivasi aku untuk cepet selesaikan skripsi dan voila, I MADE IT! game sederhana (tapi juga kompleks) yg mana isinya ga cuma farming, tapi banyak banget hal yang bisa dieksplor dan diselesaikan. buat alumni harvest moon, cocok banget untuk main game ini!","game pertama yang berhasil aku beli di steam! game ini jadi motivasi aku untuk cepet selesaikan skripsi dan voila, i made it! game sederhana (tapi juga kompleks) yg mana isinya ga cuma farming, tapi banyak banget hal yang bisa dieksplor dan diselesaikan. buat alumni harvest moon, cocok banget untuk main game ini!","game pertama yang berhasil aku beli di steam! game ini jadi motivasi aku untuk cepet selesaikan skripsi dan voila, i made it! game sederhana (tapi juga kompleks) yg mana isinya ga cuma farming, tapi banyak banget hal yang bisa dieksplor dan diselesaikan. buat alumni harvest moon, cocok banget untuk main game ini!",game pertama yang berhasil aku beli di steam game ini jadi motivasi aku untuk cepet selesaikan skripsi dan voila i made it game sederhana tapi juga kompleks yg mana isinya ga cuma farming tapi banyak banget hal yang bisa dieksplor dan diselesaikan buat alumni harvest moon cocok banget untuk main game ini,game pertama yang berhasil aku beli di steam game ini jadi motivasi aku untuk cepet selesaikan skripsi dan voila i made it game sederhana tapi juga kompleks yg mana isinya ga cuma farming tapi banyak banget hal yang bisa dieksplor dan diselesaikan buat alumni harvest moon cocok banget untuk main game ini,game pertama yang hasil aku beli di steam game ini jadi motivasi aku untuk cepat selesai skripsi dan voila i made it game sederhana tapi juga kompleks yang mana isi tidak cuma farming tapi banyak banget hal yang bisa dieksplor dan selesai buat alumni harvest memoon cocok banget untuk main game ini,game hasil beli steam game motivasi cepat selesai skripsi voila i made it game sederhana kompleks isi farming banget dieksplor selesai alumni harvest memoon cocok banget main game
game santayy,True,game santayy,game santayy,game santayy,game santayy,game santayy,game santayy,game santayy,game santayy
"so fun
",True,"so fun
","so fun
","so fun
","so fun
",so fun,so fun,so fun,so fun
nyesel baru tau game sebagus ini ada di steam,True,nyesel baru tau game sebagus ini ada di steam,nyesel baru tau game sebagus ini ada di steam,nyesel baru tau game sebagus ini ada di steam,nyesel baru tau game sebagus ini ada di steam,nyesel baru tau game sebagus ini ada di steam,nyesel baru tau game sebagus ini ada di steam,sesal baru tau game bagus ini ada di steam,sesal tau game bagus steam
game ini entah kenapa membuat ku terjebak didalam ya. apa lagi bisa bermain dengan teman. hah~ aku harap bisa menikahi Robin.,True,game ini entah kenapa membuat ku terjebak didalam ya. apa lagi bisa bermain dengan teman. hah~ aku harap bisa menikahi Robin.,game ini entah kenapa membuat ku terjebak didalam ya. apa lagi bisa bermain dengan teman. hah~ aku harap bisa menikahi Robin.,game ini entah kenapa membuat ku terjebak didalam ya. apa lagi bisa bermain dengan teman. hah~ aku harap bisa menikahi robin.,game ini entah kenapa membuat ku terjebak didalam ya. apa lagi bisa bermain dengan teman. hah~ aku harap bisa menikahi robin.,game ini entah kenapa membuat ku terjebak didalam ya apa lagi bisa bermain dengan teman hah aku harap bisa menikahi robin,game ini entah kenapa membuat ku terjebak didalam ya apa lagi bisa bermain dengan teman hah aku harap bisa menikahi robin,game ini entah kenapa buat ku jebak dalam iya apa lagi bisa main dengan teman hah aku harap bisa nikah robin,game ku jebak iya main teman hah harap nikah robin
"game pertama aku di steam dan ini masterpiece bangett,  ini cocok banget untuk nyantai. hal lain yang bikin aku suka adalah sizenya kecil dan ramah device kentang",True,"game pertama aku di steam dan ini masterpiece bangett,  ini cocok banget untuk nyantai. hal lain yang bikin aku suka adalah sizenya kecil dan ramah device kentang","game pertama aku di steam dan ini masterpiece bangett,  ini cocok banget untuk nyantai. hal lain yang bikin aku suka adalah sizenya kecil dan ramah device kentang","game pertama aku di steam dan ini masterpiece bangett,  ini cocok banget untuk nyantai. hal lain yang bikin aku suka adalah sizenya kecil dan ramah device kentang","game pertama aku di steam dan ini masterpiece bangett,  ini cocok banget untuk nyantai. hal lain yang bikin aku suka adalah sizenya kecil dan ramah device kentang",game pertama aku di steam dan ini masterpiece bangett ini cocok banget untuk nyantai hal lain yang bikin aku suka adalah sizenya kecil dan ramah device kentang,game pertama aku di steam dan ini masterpiece bangett ini cocok banget untuk nyantai hal lain yang bikin aku suka adalah sizenya kecil dan ramah device kentang,game pertama aku di steam dan ini memasterpiece bangett ini cocok banget untuk santai hal lain yang bikin aku suka adalah sizenya kecil dan ramah device kentang,game steam memasterpiece bangett cocok banget santai bikin suka sizenya ramah device kentang
"The best relaxing game ever.
keren",True,"The best relaxing game ever.
keren","The best relaxing game ever.
keren","the best relaxing game ever.
keren","the best relaxing game ever.
keren",the best relaxing game ever keren,the best relaxing game ever keren,the best relaxing game ever keren,the best relaxing game ever keren
"[US] Best game ever, I love it!
[ID] Game terbaik yang pernah ada, saya menyukainya!

[US] Suggestion for developers: Please add Indonesian language.
[ID]  Saran untuk pengembang: Tolong tambahkan bahasa Indonesia",True,"[US] Best game ever, I love it!
[ID] Game terbaik yang pernah ada, saya menyukainya!

[US] Suggestion for developers: Please add Indonesian language.
[ID]  Saran untuk pengembang: Tolong tambahkan bahasa Indonesia","[US] Best game ever, I love it!
[ID] Game terbaik yang pernah ada, saya menyukainya!

[US] Suggestion for developers: Please add Indonesian language.
[ID]  Saran untuk pengembang: Tolong tambahkan bahasa Indonesia","[us] best game ever, i love it!
[id] game terbaik yang pernah ada, saya menyukainya!

[us] suggestion for developers: please add indonesian language.
[id]  saran untuk pengembang: tolong tambahkan bahasa indonesia","[us] best game ever, i love it!
[id] game terbaik yang pernah ada, saya menyukainya!

[us] suggestion for developers: please add indonesian language.
[id]  saran untuk pengembang: tolong tambahkan bahasa indonesia",us best game ever i love it id game terbaik yang pernah ada saya menyukainya us suggestion for developers please add indonesian language id saran untuk pengembang tolong tambahkan bahasa indonesia,us best game ever i love it id game terbaik yang pernah ada saya menyukainya us suggestion for developers please add indonesian language id saran untuk pengembang tolong tambahkan bahasa indonesia,us best game ever i love it id game baik yang pernah ada saya suka us suggestion for developers please add indonesian language id saran untuk embang tolong tambah bahasa indonesia,us best game ever i love it id game suka us suggestion for developers please add indonesian language id saran embang tolong bahasa indonesia
the game is mediocre 10/10,True,the game is mediocre 10/10,the game is mediocre 10/10,the game is mediocre 10/10,the game is mediocre 10/10,the game is mediocre 10 10,the game is mediocre 10 10,the game is mediocre 10 10,the game is mediocre 10 10
"game keren 
",True,"game keren 
","game keren 
","game keren 
","game keren 
",game keren,game keren,game keren,game keren
alhamdulillah punya kebun walaupun virtual,True,alhamdulillah punya kebun walaupun virtual,alhamdulillah punya kebun walaupun virtual,alhamdulillah punya kebun walaupun virtual,alhamdulillah punya kebun walaupun virtual,alhamdulillah punya kebun walaupun virtual,alhamdulillah punya kebun walaupun virtual,alhamdulillah punya kebun walaupun virtual,alhamdulillah kebun virtual
"so good to play went you are stressed out
",True,"so good to play went you are stressed out
","so good to play went you are stressed out
","so good to play went you are stressed out
","so good to play went you are stressed out
",so good to play went you are stressed out,so good to play went you are stressed out,so good to play went you are stressed out,so good to play went you are stressed out
apaun gamenya mancing solusinya,True,apaun gamenya mancing solusinya,apaun gamenya mancing solusinya,apaun gamenya mancing solusinya,apaun gamenya mancing solusinya,apaun gamenya mancing solusinya,apaun gamenya mancing solusinya,apaun game pancing solusi,apaun game pancing solusi
"Saya suka game ini karena cerita nya yang cukup kompleks namun masih bisa dipahami dan elemen-elemen kehidupan yang nyata di game ini seperti berdagang,membuat keluarga,berinteraksi, dan lain-lain. Serta game yang tidak repetitif menurut saya pribadi.",True,"Saya suka game ini karena cerita nya yang cukup kompleks namun masih bisa dipahami dan elemen-elemen kehidupan yang nyata di game ini seperti berdagang,membuat keluarga,berinteraksi, dan lain-lain. Serta game yang tidak repetitif menurut saya pribadi.","Saya suka game ini karena cerita nya yang cukup kompleks namun masih bisa dipahami dan elemen-elemen kehidupan yang nyata di game ini seperti berdagang,membuat keluarga,berinteraksi, dan lain-lain. Serta game yang tidak repetitif menurut saya pribadi.","saya suka game ini karena cerita nya yang cukup kompleks namun masih bisa dipahami dan elemen-elemen kehidupan yang nyata di game ini seperti berdagang,membuat keluarga,berinteraksi, dan lain-lain. serta game yang tidak repetitif menurut saya pribadi.","saya suka game ini karena cerita nya yang cukup kompleks namun masih bisa dipahami dan elemen-elemen kehidupan yang nyata di game ini seperti berdagang,membuat keluarga,berinteraksi, dan lain-lain. serta game yang tidak repetitif menurut saya pribadi.",saya suka game ini karena cerita nya yang cukup kompleks namun masih bisa dipahami dan elemen elemen kehidupan yang nyata di game ini seperti berdagang membuat keluarga berinteraksi dan lain lain serta game yang tidak repetitif menurut saya pribadi,saya suka game ini karena cerita nya yang cukup kompleks namun masih bisa dipahami dan elemen elemen kehidupan yang nyata di game ini seperti berdagang membuat keluarga berinteraksi dan lain lain serta game yang tidak repetitif menurut saya pribadi,saya suka game ini karena cerita nya yang cukup kompleks namun masih bisa paham dan elemen elemen hidup yang nyata di game ini seperti dagang buat keluarga interaksi dan lain lain serta game yang tidak repetitif turut saya pribadi,suka game cerita nya kompleks paham elemen elemen hidup nyata game dagang keluarga interaksi game repetitif pribadi
relax,True,relax,relax,relax,relax,relax,relax,relax,relax
BAGUS BGT KATA BANG WINDAH JUGAAAA,True,BAGUS BGT KATA BANG WINDAH JUGAAAA,BAGUS BGT KATA BANG WINDAH JUGAAAA,bagus bgt kata bang windah jugaaaa,bagus bgt kata bang windah jugaaaa,bagus bgt kata bang windah jugaaaa,bagus bgt kata bang windah jugaaaa,bagus banget kata bang windah jugaaaa,bagus banget bang windah jugaaaa
"Wah keren banget gamenya bikin candu, cuma ini game main non stop wkwkw, engga pernah cape, tapi malah bikin cozy nyaman, musiknya juga asik asik, game terbaik sepanjang masa kah...??!!!",True,"Wah keren banget gamenya bikin candu, cuma ini game main non stop wkwkw, engga pernah cape, tapi malah bikin cozy nyaman, musiknya juga asik asik, game terbaik sepanjang masa kah...??!!!","Wah keren banget gamenya bikin candu, cuma ini game main non stop wkwkw, engga pernah cape, tapi malah bikin cozy nyaman, musiknya juga asik asik, game terbaik sepanjang masa kah...??!!!","wah keren banget gamenya bikin candu, cuma ini game main non stop wkwkw, engga pernah cape, tapi malah bikin cozy nyaman, musiknya juga asik asik, game terbaik sepanjang masa kah...??!!!","wah keren banget gamenya bikin candu, cuma ini game main non stop wkwkw, engga pernah cape, tapi malah bikin cozy nyaman, musiknya juga asik asik, game terbaik sepanjang masa kah...??!!!",wah keren banget gamenya bikin candu cuma ini game main non stop wkwkw engga pernah cape tapi malah bikin cozy nyaman musiknya juga asik asik game terbaik sepanjang masa kah,wah keren banget gamenya bikin candu cuma ini game main non stop wkwkw engga pernah cape tapi malah bikin cozy nyaman musiknya juga asik asik game terbaik sepanjang masa kah,wah keren banget game bikin candu cuma ini game main non stop wkwkw tidak pernah cape tapi malah bikin cozy nyaman musik juga asik asik game baik panjang masa kah,keren banget game bikin candu game main non stop wkwkw cape bikin cozy nyaman musik asik asik game kah
This Game Kinda Fun If You Wanna Relax,True,This Game Kinda Fun If You Wanna Relax,This Game Kinda Fun If You Wanna Relax,this game kinda fun if you wanna relax,this game kinda fun if you wanna relax,this game kinda fun if you wanna relax,this game kinda fun if you wanna relax,this game kinda fun if you wanna relax,this game kinda fun if you wanna relax
mantap,True,mantap,mantap,mantap,mantap,mantap,mantap,mantap,mantap
Lost my times into the game,True,Lost my times into the game,Lost my times into the game,lost my times into the game,lost my times into the game,lost my times into the game,lost my times into the game,lost my times into the game,lost my times into the game
rekomen,True,rekomen,rekomen,rekomen,rekomen,rekomen,rekomen,rekomen,rekomen
"i love pixel game
",True,"i love pixel game
","i love pixel game
","i love pixel game
","i love pixel game
",i love pixel game,i love pixel game,i love pixel game,i love pixel game
"semakin lama saya memainkan game ini, semakin saya merasa bahwa game ini sungguh sangat menarik..",True,"semakin lama saya memainkan game ini, semakin saya merasa bahwa game ini sungguh sangat menarik..","semakin lama saya memainkan game ini, semakin saya merasa bahwa game ini sungguh sangat menarik..","semakin lama saya memainkan game ini, semakin saya merasa bahwa game ini sungguh sangat menarik..","semakin lama saya memainkan game ini, semakin saya merasa bahwa game ini sungguh sangat menarik..",semakin lama saya memainkan game ini semakin saya merasa bahwa game ini sungguh sangat menarik,semakin lama saya memainkan game ini semakin saya merasa bahwa game ini sungguh sangat menarik,semakin lama saya main game ini semakin saya rasa bahwa game ini sungguh sangat tarik,main game game sungguh tarik
game sangat seru,True,game sangat seru,game sangat seru,game sangat seru,game sangat seru,game sangat seru,game sangat seru,game sangat seru,game seru
"best game, sangat woth it dimainkan",True,"best game, sangat woth it dimainkan","best game, sangat woth it dimainkan","best game, sangat woth it dimainkan","best game, sangat woth it dimainkan",best game sangat woth it dimainkan,best game sangat woth it dimainkan,best game sangat woth it main,best game woth it main
cozy,True,cozy,cozy,cozy,cozy,cozy,cozy,cozy,cozy
game yang sangat wort it sih untuk dibeli!!!,True,game yang sangat wort it sih untuk dibeli!!!,game yang sangat wort it sih untuk dibeli!!!,game yang sangat wort it sih untuk dibeli!!!,game yang sangat wort it sih untuk dibeli!!!,game yang sangat wort it sih untuk dibeli,game yang sangat wort it sih untuk dibeli,game yang sangat wort it sih untuk beli,game wort it sih beli
seru bgt jir lah. kapan rilis haunted chocolatier nya Ric?,True,seru bgt jir lah. kapan rilis haunted chocolatier nya Ric?,seru bgt jir lah. kapan rilis haunted chocolatier nya Ric?,seru bgt jir lah. kapan rilis haunted chocolatier nya ric?,seru bgt jir lah. kapan rilis haunted chocolatier nya ric?,seru bgt jir lah kapan rilis haunted chocolatier nya ric,seru bgt jir lah kapan rilis haunted chocolatier nya ric,seru banget jir lah kapan rilis haunted chocolatier nya ric,seru banget jir rilis haunted chocolatier nya ric
"game tolol, bikin nolep aja kontol",False,"game tolol, bikin nolep aja kontol","game tolol, bikin nolep aja kontol","game tolol, bikin nolep aja kontol","game tolol, bikin nolep aja kontol",game tolol bikin nolep aja kontol,game tolol bikin nolep aja kontol,game tolol bikin tolap aja kontol,game tolol bikin tolap aja kontol
game ini sangat kren,True,game ini sangat kren,game ini sangat kren,game ini sangat kren,game ini sangat kren,game ini sangat kren,game ini sangat kren,game ini sangat kran,game kran
mantap wak,True,mantap wak,mantap wak,mantap wak,mantap wak,mantap wak,mantap wak,mantap wak,mantap wak
"VERY COZY GAME, BIKIN LUPA WAKTU",True,"VERY COZY GAME, BIKIN LUPA WAKTU","VERY COZY GAME, BIKIN LUPA WAKTU","very cozy game, bikin lupa waktu","very cozy game, bikin lupa waktu",very cozy game bikin lupa waktu,very cozy game bikin lupa waktu,very cozy game bikin lupa waktu,very cozy game bikin lupa
GAME KEREN,True,GAME KEREN,GAME KEREN,game keren,game keren,game keren,game keren,game keren,game keren
732 jam adalah waktu yang panjang. jadi kalo mau main game ini ya siapkan waktu panjang.,True,732 jam adalah waktu yang panjang. jadi kalo mau main game ini ya siapkan waktu panjang.,732 jam adalah waktu yang panjang. jadi kalo mau main game ini ya siapkan waktu panjang.,732 jam adalah waktu yang panjang. jadi kalo mau main game ini ya siapkan waktu panjang.,732 jam adalah waktu yang panjang. jadi kalo mau main game ini ya siapkan waktu panjang.,732 jam adalah waktu yang panjang jadi kalo mau main game ini ya siapkan waktu panjang,732 jam adalah waktu yang panjang jadi kalo mau main game ini ya siapkan waktu panjang,732 jam adalah waktu yang panjang jadi kalau mau main game ini iya siap waktu panjang,732 jam main game iya
"nice
",True,"nice
","nice
","nice
","nice
",nice,nice,menice,menice
bagus,True,bagus,bagus,bagus,bagus,bagus,bagus,bagus,bagus
seru,True,seru,seru,seru,seru,seru,seru,seru,seru
cabut singkong,True,cabut singkong,cabut singkong,cabut singkong,cabut singkong,cabut singkong,cabut singkong,cabut singkong,cabut singkong
Game terbaik yang tidak boleh dilewatkan.,True,Game terbaik yang tidak boleh dilewatkan.,Game terbaik yang tidak boleh dilewatkan.,game terbaik yang tidak boleh dilewatkan.,game terbaik yang tidak boleh dilewatkan.,game terbaik yang tidak boleh dilewatkan,game terbaik yang tidak boleh dilewatkan,game baik yang tidak boleh lewat,game
veryyyy sewroooo,True,veryyyy sewroooo,veryyyy sewroooo,veryyyy sewroooo,veryyyy sewroooo,veryyyy sewroooo,veryyyy sewroooo,veryyyy sewroooo,veryyyy sewroooo
good wowo,True,good wowo,good wowo,good wowo,good wowo,good wowo,good wowo,good wowo,good wowo
mantap aku suka game ini,True,mantap aku suka game ini,mantap aku suka game ini,mantap aku suka game ini,mantap aku suka game ini,mantap aku suka game ini,mantap aku suka game ini,mantap aku suka game ini,mantap suka game
"Stardew Valley itu bikin nyaman banget, aku bisa punya lahan besar untuk bertani dan berternak. Mimpiku untuk menjadi pengusaha sukses akhirnya tercapai wkwkwk",True,"Stardew Valley itu bikin nyaman banget, aku bisa punya lahan besar untuk bertani dan berternak. Mimpiku untuk menjadi pengusaha sukses akhirnya tercapai wkwkwk","Stardew Valley itu bikin nyaman banget, aku bisa punya lahan besar untuk bertani dan berternak. Mimpiku untuk menjadi pengusaha sukses akhirnya tercapai wkwkwk","stardew valley itu bikin nyaman banget, aku bisa punya lahan besar untuk bertani dan berternak. mimpiku untuk menjadi pengusaha sukses akhirnya tercapai wkwkwk","stardew valley itu bikin nyaman banget, aku bisa punya lahan besar untuk bertani dan berternak. mimpiku untuk menjadi pengusaha sukses akhirnya tercapai wkwkwk",stardew valley itu bikin nyaman banget aku bisa punya lahan besar untuk bertani dan berternak mimpiku untuk menjadi pengusaha sukses akhirnya tercapai wkwkwk,stardew valley itu bikin nyaman banget aku bisa punya lahan besar untuk bertani dan berternak mimpiku untuk menjadi pengusaha sukses akhirnya tercapai wkwkwk,stardew valley itu bikin nyaman banget aku bisa punya lahan besar untuk tani dan ternak mimpi untuk jadi usaha sukses akhir capai wkwkwk,stardew valley bikin nyaman banget lahan tani ternak mimpi usaha sukses capai wkwkwk
toooooop,True,toooooop,toooooop,toooooop,toooooop,toooooop,toooooop,toooooop,toooooop
"game nya BAGAS
",True,"game nya BAGAS
","game nya BAGAS
","game nya bagas
","game nya bagas
",game nya bagas,game nya bagas,game nya bagas,game nya bagas
"Game ini sangat kompleks, tak hanya bertani dan berternak. Semua bisa kita lakukan, mulai dari berpetualang bersosial dan lain sebagainya",True,"Game ini sangat kompleks, tak hanya bertani dan berternak. Semua bisa kita lakukan, mulai dari berpetualang bersosial dan lain sebagainya","Game ini sangat kompleks, tak hanya bertani dan berternak. Semua bisa kita lakukan, mulai dari berpetualang bersosial dan lain sebagainya","game ini sangat kompleks, tak hanya bertani dan berternak. semua bisa kita lakukan, mulai dari berpetualang bersosial dan lain sebagainya","game ini sangat kompleks, tak hanya bertani dan berternak. semua bisa kita lakukan, mulai dari berpetualang bersosial dan lain sebagainya",game ini sangat kompleks tak hanya bertani dan berternak semua bisa kita lakukan mulai dari berpetualang bersosial dan lain sebagainya,game ini sangat kompleks tak hanya bertani dan berternak semua bisa kita lakukan mulai dari berpetualang bersosial dan lain sebagainya,game ini sangat kompleks tak hanya tani dan ternak semua bisa kita laku mulai dari berpetualang sosial dan lain sebagai,game kompleks tani ternak laku berpetualang sosial
"Relaxing games, have a chill vibes, good for all ages",True,"Relaxing games, have a chill vibes, good for all ages","Relaxing games, have a chill vibes, good for all ages","relaxing games, have a chill vibes, good for all ages","relaxing games, have a chill vibes, good for all ages",relaxing games have a chill vibes good for all ages,relaxing games have a chill vibes good for all ages,relaxing games have a chill vibes good for all agas,relaxing games have a chill vibes good for all agas
good game,True,good game,good game,good game,good game,good game,good game,good game,good game
very good,True,very good,very good,very good,very good,very good,very good,very good,very good
best game but i got no friends,True,best game but i got no friends,best game but i got no friends,best game but i got no friends,best game but i got no friends,best game but i got no friends,best game but i got no friends,best game but i got no friends,best game but i got no friends
very fun game,True,very fun game,very fun game,very fun game,very fun game,very fun game,very fun game,very fun game,very fun game
"game ini seru bangrttt worth it ngilangin stress santai pokoknya wajib coba
",True,"game ini seru bangrttt worth it ngilangin stress santai pokoknya wajib coba
","game ini seru bangrttt worth it ngilangin stress santai pokoknya wajib coba
","game ini seru bangrttt worth it ngilangin stress santai pokoknya wajib coba
","game ini seru bangrttt worth it ngilangin stress santai pokoknya wajib coba
",game ini seru bangrttt worth it ngilangin stress santai pokoknya wajib coba,game ini seru bangrttt worth it ngilangin stress santai pokoknya wajib coba,game ini seru bangrttt worth it kilang stress santai pokok wajib coba,game seru bangrttt worth it kilang stress santai pokok wajib coba
mantap,True,mantap,mantap,mantap,mantap,mantap,mantap,mantap,mantap
"seru bat anjing
",True,"seru bat anjing
","seru bat anjing
","seru bat anjing
","seru bat anjing
",seru bat anjing,seru bat anjing,seru bat anjing,seru bat anjing
"game nya cakep banget, cuma di macbook susah untuk menggunakan gamepad.",True,"game nya cakep banget, cuma di macbook susah untuk menggunakan gamepad.","game nya cakep banget, cuma di macbook susah untuk menggunakan gamepad.","game nya cakep banget, cuma di macbook susah untuk menggunakan gamepad.","game nya cakep banget, cuma di macbook susah untuk menggunakan gamepad.",game nya cakep banget cuma di macbook susah untuk menggunakan gamepad,game nya cakep banget cuma di macbook susah untuk menggunakan gamepad,game nya cakep banget cuma di macbook susah untuk guna gamepad,game nya cakep banget macbook susah gamepad
Nyaman,True,Nyaman,Nyaman,nyaman,nyaman,nyaman,nyaman,nyaman,nyaman
Suka dengan gameplay santainya dan juga musik.,True,Suka dengan gameplay santainya dan juga musik.,Suka dengan gameplay santainya dan juga musik.,suka dengan gameplay santainya dan juga musik.,suka dengan gameplay santainya dan juga musik.,suka dengan gameplay santainya dan juga musik,suka dengan gameplay santainya dan juga musik,suka dengan gameplay santai dan juga musik,suka gameplay santai musik
"game ngantuk tapi asik bjir
",True,"game ngantuk tapi asik bjir
","game ngantuk tapi asik bjir
","game ngantuk tapi asik bjir
","game ngantuk tapi asik bjir
",game ngantuk tapi asik bjir,game ngantuk tapi asik bjir,game antuk tapi asik bjir,game antuk asik bjir
"meski keliatannya gampang, gamenya mungkin agak susah untuk beberapa orang (saya). apalagi sayaa ga pandai mancing di game ini. blom mati berkali2 di goa. tapi seru. klo main sendiri mungkin agak bingung harus ngapain dlu apalagi dengan waktu dalam game kerasa cepet bgt, tiba2 udah maghrib, tiba2 udah jam 12 malam, dan kamu harus tidur sebelum jam 2 dini hari atau kamu bakal pengsan dan uang mu terkuras karena biaya rumah sakit. tapi overall seru sih bagi yg suka game2 farming. cuman agak bertanya2 aja kapan game ini kelar wkwkwk",True,"meski keliatannya gampang, gamenya mungkin agak susah untuk beberapa orang (saya). apalagi sayaa ga pandai mancing di game ini. blom mati berkali2 di goa. tapi seru. klo main sendiri mungkin agak bingung harus ngapain dlu apalagi dengan waktu dalam game kerasa cepet bgt, tiba2 udah maghrib, tiba2 udah jam 12 malam, dan kamu harus tidur sebelum jam 2 dini hari atau kamu bakal pengsan dan uang mu terkuras karena biaya rumah sakit. tapi overall seru sih bagi yg suka game2 farming. cuman agak bertanya2 aja kapan game ini kelar wkwkwk","meski keliatannya gampang, gamenya mungkin agak susah untuk beberapa orang (saya). apalagi sayaa ga pandai mancing di game ini. blom mati berkali2 di goa. tapi seru. klo main sendiri mungkin agak bingung harus ngapain dlu apalagi dengan waktu dalam game kerasa cepet bgt, tiba2 udah maghrib, tiba2 udah jam 12 malam, dan kamu harus tidur sebelum jam 2 dini hari atau kamu bakal pengsan dan uang mu terkuras karena biaya rumah sakit. tapi overall seru sih bagi yg suka game2 farming. cuman agak bertanya2 aja kapan game ini kelar wkwkwk","meski keliatannya gampang, gamenya mungkin agak susah untuk beberapa orang (saya). apalagi sayaa ga pandai mancing di game ini. blom mati berkali2 di goa. tapi seru. klo main sendiri mungkin agak bingung harus ngapain dlu apalagi dengan waktu dalam game kerasa cepet bgt, tiba2 udah maghrib, tiba2 udah jam 12 malam, dan kamu harus tidur sebelum jam 2 dini hari atau kamu bakal pengsan dan uang mu terkuras karena biaya rumah sakit. tapi overall seru sih bagi yg suka game2 farming. cuman agak bertanya2 aja kapan game ini kelar wkwkwk","meski keliatannya gampang, gamenya mungkin agak susah untuk beberapa orang (saya). apalagi sayaa ga pandai mancing di game ini. blom mati berkali2 di goa. tapi seru. klo main sendiri mungkin agak bingung harus ngapain dlu apalagi dengan waktu dalam game kerasa cepet bgt, tiba2 udah maghrib, tiba2 udah jam 12 malam, dan kamu harus tidur sebelum jam 2 dini hari atau kamu bakal pengsan dan uang mu terkuras karena biaya rumah sakit. tapi overall seru sih bagi yg suka game2 farming. cuman agak bertanya2 aja kapan game ini kelar wkwkwk",meski keliatannya gampang gamenya mungkin agak susah untuk beberapa orang saya apalagi sayaa ga pandai mancing di game ini blom mati berkali2 di goa tapi seru klo main sendiri mungkin agak bingung harus ngapain dlu apalagi dengan waktu dalam game kerasa cepet bgt tiba2 udah maghrib tiba2 udah jam 12 malam dan kamu harus tidur sebelum jam 2 dini hari atau kamu bakal pengsan dan uang mu terkuras karena biaya rumah sakit tapi overall seru sih bagi yg suka game2 farming cuman agak bertanya2 aja kapan game ini kelar wkwkwk,meski keliatannya gampang gamenya mungkin agak susah untuk beberapa orang saya apalagi sayaa ga pandai mancing di game ini blom mati berkali2 di goa tapi seru klo main sendiri mungkin agak bingung harus ngapain dlu apalagi dengan waktu dalam game kerasa cepet bgt tiba2 udah maghrib tiba2 udah jam 12 malam dan kamu harus tidur sebelum jam 2 dini hari atau kamu bakal pengsan dan uang mu terkuras karena biaya rumah sakit tapi overall seru sih bagi yg suka game2 farming cuman agak bertanya2 aja kapan game ini kelar wkwkwk,meski liat gampang game mungkin agak susah untuk beberapa orang saya apalagi sayaa tidak pandai pancing di game ini blom mati berkali2 di goa tapi seru kalau main sendiri mungkin agak bingung harus mengapa dlu apalagi dengan waktu dalam game rasa cepat banget tiba2 udah maghrib tiba2 udah jam 12 malam dan kamu harus tidur belum jam 2 dini hari atau kamu bakal pengsan dan uang mu kuras karena biaya rumah sakit tapi overall seru sih bagi yang suka game2 farming cuman agak bertanya2 aja kapan game ini kelar wkwkwk,liat gampang game susah orang sayaa pandai pancing game blom mati berkali2 goa seru main bingung dlu game cepat banget tiba2 udah maghrib tiba2 udah jam 12 malam tidur jam 2 pengsan uang mu kuras biaya rumah sakit overall seru sih suka game2 farming cuman bertanya2 aja game kelar wkwkwk
game santai,True,game santai,game santai,game santai,game santai,game santai,game santai,game santai,game santai
good,True,good,good,good,good,good,good,good,good
"permainan ini sangat bagus. aku menyukainya, sangat-sangat menyukainya. hanya saja aku orang indonesia, aku ingin bisa bermain dengan mengikuti alur ceritanya tapi bahasa indonesia tidak ada di game ini maka sulit juga untuk mengerti. saya minta tolong jika ada update lagi tentang game ini; aku ingin bisa mengganti bahasanya ke bahasa Indonesia. semoga bisa terwujud...",True,"permainan ini sangat bagus. aku menyukainya, sangat-sangat menyukainya. hanya saja aku orang indonesia, aku ingin bisa bermain dengan mengikuti alur ceritanya tapi bahasa indonesia tidak ada di game ini maka sulit juga untuk mengerti. saya minta tolong jika ada update lagi tentang game ini; aku ingin bisa mengganti bahasanya ke bahasa Indonesia. semoga bisa terwujud...","permainan ini sangat bagus. aku menyukainya, sangat-sangat menyukainya. hanya saja aku orang indonesia, aku ingin bisa bermain dengan mengikuti alur ceritanya tapi bahasa indonesia tidak ada di game ini maka sulit juga untuk mengerti. saya minta tolong jika ada update lagi tentang game ini; aku ingin bisa mengganti bahasanya ke bahasa Indonesia. semoga bisa terwujud...","permainan ini sangat bagus. aku menyukainya, sangat-sangat menyukainya. hanya saja aku orang indonesia, aku ingin bisa bermain dengan mengikuti alur ceritanya tapi bahasa indonesia tidak ada di game ini maka sulit juga untuk mengerti. saya minta tolong jika ada update lagi tentang game ini; aku ingin bisa mengganti bahasanya ke bahasa indonesia. semoga bisa terwujud...","permainan ini sangat bagus. aku menyukainya, sangat-sangat menyukainya. hanya saja aku orang indonesia, aku ingin bisa bermain dengan mengikuti alur ceritanya tapi bahasa indonesia tidak ada di game ini maka sulit juga untuk mengerti. saya minta tolong jika ada update lagi tentang game ini; aku ingin bisa mengganti bahasanya ke bahasa indonesia. semoga bisa terwujud...",permainan ini sangat bagus aku menyukainya sangat sangat menyukainya hanya saja aku orang indonesia aku ingin bisa bermain dengan mengikuti alur ceritanya tapi bahasa indonesia tidak ada di game ini maka sulit juga untuk mengerti saya minta tolong jika ada update lagi tentang game ini aku ingin bisa mengganti bahasanya ke bahasa indonesia semoga bisa terwujud,permainan ini sangat bagus aku menyukainya sangat sangat menyukainya hanya saja aku orang indonesia aku ingin bisa bermain dengan mengikuti alur ceritanya tapi bahasa indonesia tidak ada di game ini maka sulit juga untuk mengerti saya minta tolong jika ada update lagi tentang game ini aku ingin bisa mengganti bahasanya ke bahasa indonesia semoga bisa terwujud,main ini sangat bagus aku suka sangat sangat suka hanya saja aku orang indonesia aku ingin bisa main dengan ikut alur cerita tapi bahasa indonesia tidak ada di game ini maka sulit juga untuk mengerti saya minta tolong jika ada update lagi tentang game ini aku ingin bisa ganti bahasa ke bahasa indonesia moga bisa wujud,main bagus suka suka orang indonesia main alur cerita bahasa indonesia game sulit mengerti tolong update game ganti bahasa bahasa indonesia moga wujud
👍,True,👍,👍,👍,👍,👍,,,
This is a very fun game and it almost never makes me bored.,True,This is a very fun game and it almost never makes me bored.,This is a very fun game and it almost never makes me bored.,this is a very fun game and it almost never makes me bored.,this is a very fun game and it almost never makes me bored.,this is a very fun game and it almost never makes me bored,this is a very fun game and it almost never makes me bored,this is a very fun game and it almost never memakes me bored,this is a very fun game and it almost never memakes me bored
Good,True,Good,Good,good,good,good,good,good,good
bagus,True,bagus,bagus,bagus,bagus,bagus,bagus,bagus,bagus
"Nostalgia dari indahnya game Harvest Moon: Back to Nature  sangat tersampaikan disini. Game play yang menarik, dan tak lupa juga dengan berbagai konten yang ada didalamnya, membuat setidaknya saya sendiri betah berlama lama didalam gamesnya, dan yup benar benar game yang menyenangkan
",True,"Nostalgia dari indahnya game Harvest Moon: Back to Nature  sangat tersampaikan disini. Game play yang menarik, dan tak lupa juga dengan berbagai konten yang ada didalamnya, membuat setidaknya saya sendiri betah berlama lama didalam gamesnya, dan yup benar benar game yang menyenangkan
","Nostalgia dari indahnya game Harvest Moon: Back to Nature  sangat tersampaikan disini. Game play yang menarik, dan tak lupa juga dengan berbagai konten yang ada didalamnya, membuat setidaknya saya sendiri betah berlama lama didalam gamesnya, dan yup benar benar game yang menyenangkan
","nostalgia dari indahnya game harvest moon: back to nature  sangat tersampaikan disini. game play yang menarik, dan tak lupa juga dengan berbagai konten yang ada didalamnya, membuat setidaknya saya sendiri betah berlama lama didalam gamesnya, dan yup benar benar game yang menyenangkan
","nostalgia dari indahnya game harvest moon: back to nature  sangat tersampaikan disini. game play yang menarik, dan tak lupa juga dengan berbagai konten yang ada didalamnya, membuat setidaknya saya sendiri betah berlama lama didalam gamesnya, dan yup benar benar game yang menyenangkan
",nostalgia dari indahnya game harvest moon back to nature sangat tersampaikan disini game play yang menarik dan tak lupa juga dengan berbagai konten yang ada didalamnya membuat setidaknya saya sendiri betah berlama lama didalam gamesnya dan yup benar benar game yang menyenangkan,nostalgia dari indahnya game harvest moon back to nature sangat tersampaikan disini game play yang menarik dan tak lupa juga dengan berbagai konten yang ada didalamnya membuat setidaknya saya sendiri betah berlama lama didalam gamesnya dan yup benar benar game yang menyenangkan,nostalgia dari indah game harvest memoon back to nature sangat sampai sini game play yang tarik dan tak lupa juga dengan bagai kontan yang ada dalam buat tidak saya sendiri betah lama lama dalam gamesnya dan yup benar benar game yang senang,nostalgia indah game harvest memoon back to nature game play tarik lupa kontan betah gamesnya yup game senang
Stardew Valley tuh asik banget buat yang main santai. Mod-nya juga banyak banget ya addicted laa ya,True,Stardew Valley tuh asik banget buat yang main santai. Mod-nya juga banyak banget ya addicted laa ya,Stardew Valley tuh asik banget buat yang main santai. Mod-nya juga banyak banget ya addicted laa ya,stardew valley tuh asik banget buat yang main santai. mod-nya juga banyak banget ya addicted laa ya,stardew valley tuh asik banget buat yang main santai. mod-nya juga banyak banget ya addicted laa ya,stardew valley tuh asik banget buat yang main santai mod nya juga banyak banget ya addicted laa ya,stardew valley tuh asik banget buat yang main santai mod nya juga banyak banget ya addicted laa ya,stardew valley itu asik banget buat yang main santai mod nya juga banyak banget iya addicted laa iya,stardew valley asik banget main santai mod nya banget iya addicted laa iya
cant married robin,True,cant married robin,cant married robin,cant married robin,cant married robin,cant married robin,cant married robin,cant memarried rob,cant memarried rob
"bagus mantapp dan sangat menyenangkan, game santai terbaik",True,"bagus mantapp dan sangat menyenangkan, game santai terbaik","bagus mantapp dan sangat menyenangkan, game santai terbaik","bagus mantapp dan sangat menyenangkan, game santai terbaik","bagus mantapp dan sangat menyenangkan, game santai terbaik",bagus mantapp dan sangat menyenangkan game santai terbaik,bagus mantapp dan sangat menyenangkan game santai terbaik,bagus mantapp dan sangat senang game santai baik,bagus mantapp senang game santai
kerennn,True,kerennn,kerennn,kerennn,kerennn,kerennn,kerennn,kerennn,kerennn
"Ubur ubur ikan lele, gamenya seru le",True,"Ubur ubur ikan lele, gamenya seru le","Ubur ubur ikan lele, gamenya seru le","ubur ubur ikan lele, gamenya seru le","ubur ubur ikan lele, gamenya seru le",ubur ubur ikan lele gamenya seru le,ubur ubur ikan lele gamenya seru le,ubur ubur ikan lele game seru le,ubur ubur ikan lele game seru le
Very good game,True,Very good game,Very good game,very good game,very good game,very good game,very good game,very good game,very good game
cozy game,True,cozy game,cozy game,cozy game,cozy game,cozy game,cozy game,cozy game,cozy game
"yang awalnya main slow living menjadi compe untuk kaya dan ngejar prpgres karna penasaran event event kedepan
",True,"yang awalnya main slow living menjadi compe untuk kaya dan ngejar prpgres karna penasaran event event kedepan
","yang awalnya main slow living menjadi compe untuk kaya dan ngejar prpgres karna penasaran event event kedepan
","yang awalnya main slow living menjadi compe untuk kaya dan ngejar prpgres karna penasaran event event kedepan
","yang awalnya main slow living menjadi compe untuk kaya dan ngejar prpgres karna penasaran event event kedepan
",yang awalnya main slow living menjadi compe untuk kaya dan ngejar prpgres karna penasaran event event kedepan,yang awalnya main slow living menjadi compe untuk kaya dan ngejar prpgres karna penasaran event event kedepan,yang awal main slow living jadi compe untuk kaya dan ngejar prpgres karna penasaran event event depan,main slow living compe kaya ngejar prpgres karna penasaran event event
ITS ADDICTIVEE!!!!!!!!,True,ITS ADDICTIVEE!!!!!!!!,ITS ADDICTIVEE!!!!!!!!,its addictivee!!!!!!!!,its addictivee!!!!!!!!,its addictivee,its addictivee,its addictivee,its addictivee
this game is very good,True,this game is very good,this game is very good,this game is very good,this game is very good,this game is very good,this game is very good,this game is very good,this game is very good
Addictive im cant stop play this game,True,Addictive im cant stop play this game,Addictive im cant stop play this game,addictive im cant stop play this game,addictive im cant stop play this game,addictive im cant stop play this game,addictive im cant stop play this game,addictive im cant stop play this game,addictive im cant stop play this game
aku jatuh cinta dengan game ini,True,aku jatuh cinta dengan game ini,aku jatuh cinta dengan game ini,aku jatuh cinta dengan game ini,aku jatuh cinta dengan game ini,aku jatuh cinta dengan game ini,aku jatuh cinta dengan game ini,aku jatuh cinta dengan game ini,jatuh cinta game
This game is very relaxing and also addictive,True,This game is very relaxing and also addictive,This game is very relaxing and also addictive,this game is very relaxing and also addictive,this game is very relaxing and also addictive,this game is very relaxing and also addictive,this game is very relaxing and also addictive,this game is very relaxing and also addictive,this game is very relaxing and also addictive
Game seru,True,Game seru,Game seru,game seru,game seru,game seru,game seru,game seru,game seru
cool,True,cool,cool,cool,cool,cool,cool,cool,cool
cool game,True,cool game,cool game,cool game,cool game,cool game,cool game,cool game,cool game
good game with very good replayability.,True,good game with very good replayability.,good game with very good replayability.,good game with very good replayability.,good game with very good replayability.,good game with very good replayability,good game with very good replayability,good game with very good replayability,good game with very good replayability
game masterpiece gini,True,game masterpiece gini,game masterpiece gini,game masterpiece gini,game masterpiece gini,game masterpiece gini,game masterpiece gini,game memasterpiece begini,game memasterpiece
sangat bagus,True,sangat bagus,sangat bagus,sangat bagus,sangat bagus,sangat bagus,sangat bagus,sangat bagus,bagus
Good game :),True,Good game :),Good game :),good game :),good game :),good game,good game,good game,good game
"Gamenya sangat menyenangkan dan game ini dapat di mainkan dengan tempo yang berbeda, seperti tempo cepat bagi orang yang ingin menyelesaikan progress dengan cepat, dan tempo lambat untuk orang yang ingin menyelesaikan progress dengan lambat dan santai.
",True,"Gamenya sangat menyenangkan dan game ini dapat di mainkan dengan tempo yang berbeda, seperti tempo cepat bagi orang yang ingin menyelesaikan progress dengan cepat, dan tempo lambat untuk orang yang ingin menyelesaikan progress dengan lambat dan santai.
","Gamenya sangat menyenangkan dan game ini dapat di mainkan dengan tempo yang berbeda, seperti tempo cepat bagi orang yang ingin menyelesaikan progress dengan cepat, dan tempo lambat untuk orang yang ingin menyelesaikan progress dengan lambat dan santai.
","gamenya sangat menyenangkan dan game ini dapat di mainkan dengan tempo yang berbeda, seperti tempo cepat bagi orang yang ingin menyelesaikan progress dengan cepat, dan tempo lambat untuk orang yang ingin menyelesaikan progress dengan lambat dan santai.
","gamenya sangat menyenangkan dan game ini dapat di mainkan dengan tempo yang berbeda, seperti tempo cepat bagi orang yang ingin menyelesaikan progress dengan cepat, dan tempo lambat untuk orang yang ingin menyelesaikan progress dengan lambat dan santai.
",gamenya sangat menyenangkan dan game ini dapat di mainkan dengan tempo yang berbeda seperti tempo cepat bagi orang yang ingin menyelesaikan progress dengan cepat dan tempo lambat untuk orang yang ingin menyelesaikan progress dengan lambat dan santai,gamenya sangat menyenangkan dan game ini dapat di mainkan dengan tempo yang berbeda seperti tempo cepat bagi orang yang ingin menyelesaikan progress dengan cepat dan tempo lambat untuk orang yang ingin menyelesaikan progress dengan lambat dan santai,game sangat senang dan game ini dapat di main dengan tempo yang beda seperti tempo cepat bagi orang yang ingin selesai progress dengan cepat dan tempo lambat untuk orang yang ingin selesai progress dengan lambat dan santai,game senang game main tempo beda tempo cepat orang selesai progress cepat tempo lambat orang selesai progress lambat santai
Mantap,True,Mantap,Mantap,mantap,mantap,mantap,mantap,mantap,mantap
"santay, cocok tuk teman malming sambil ngopi and the udud
",True,"santay, cocok tuk teman malming sambil ngopi and the udud
","santay, cocok tuk teman malming sambil ngopi and the udud
","santay, cocok tuk teman malming sambil ngopi and the udud
","santay, cocok tuk teman malming sambil ngopi and the udud
",santay cocok tuk teman malming sambil ngopi and the udud,santay cocok tuk teman malming sambil ngopi and the udud,santay cocok untuk teman malming sambil kopi and the udud,santay cocok teman malming kopi and the udud
10 dari 10,True,10 dari 10,10 dari 10,10 dari 10,10 dari 10,10 dari 10,10 dari 10,10 dari 10,10 10
Medicine from broken heart and forget the time:),True,Medicine from broken heart and forget the time:),Medicine from broken heart and forget the time:),medicine from broken heart and forget the time:),medicine from broken heart and forget the time:),medicine from broken heart and forget the time,medicine from broken heart and forget the time,medicine from broken heart and forget the time,medicine from broken heart and forget the time
MANTAP,True,MANTAP,MANTAP,mantap,mantap,mantap,mantap,mantap,mantap
zsfasdfsewafdcwaefcdeftcg,True,zsfasdfsewafdcwaefcdeftcg,zsfasdfsewafdcwaefcdeftcg,zsfasdfsewafdcwaefcdeftcg,zsfasdfsewafdcwaefcdeftcg,zsfasdfsewafdcwaefcdeftcg,zsfasdfsewafdcwaefcdeftcg,zsfasdfsewafdcwaefcdeftcg,zsfasdfsewafdcwaefcdeftcg
"playthtough pertama, abigail terasa seperti perempuan yang sempurna untuk ku tapi di playthrough kedua, penny ternyata tidak buruk juga.

5/5
play it for fun don't rush.",True,"playthtough pertama, abigail terasa seperti perempuan yang sempurna untuk ku tapi di playthrough kedua, penny ternyata tidak buruk juga.

5/5
play it for fun don't rush.","playthtough pertama, abigail terasa seperti perempuan yang sempurna untuk ku tapi di playthrough kedua, penny ternyata tidak buruk juga.

5/5
play it for fun don't rush.","playthtough pertama, abigail terasa seperti perempuan yang sempurna untuk ku tapi di playthrough kedua, penny ternyata tidak buruk juga.

5/5
play it for fun don't rush.","playthtough pertama, abigail terasa seperti perempuan yang sempurna untuk ku tapi di playthrough kedua, penny ternyata tidak buruk juga.

5/5
play it for fun don't rush.",playthtough pertama abigail terasa seperti perempuan yang sempurna untuk ku tapi di playthrough kedua penny ternyata tidak buruk juga 5 5 play it for fun don t rush,playthtough pertama abigail terasa seperti perempuan yang sempurna untuk ku tapi di playthrough kedua penny ternyata tidak buruk juga 5 5 play it for fun don t rush,playthtough pertama abigail asa seperti perempuan yang sempurna untuk ku tapi di playthrough dua penny nyata tidak buruk juga 5 5 play it for fun don t rush,playthtough abigail asa perempuan sempurna ku playthrough penny nyata buruk 5 5 play it for fun don t rush
"Gamenya sangat asik dan santai, saya sampai lupa waktu saat bermain game ini dan game ini juga memiliki komunitas yang sangat aktif sehingga banyak modder yang membuat mod yang beraneka ragam sehingga membuat gameplay game ini sanagt menyenangkan",True,"Gamenya sangat asik dan santai, saya sampai lupa waktu saat bermain game ini dan game ini juga memiliki komunitas yang sangat aktif sehingga banyak modder yang membuat mod yang beraneka ragam sehingga membuat gameplay game ini sanagt menyenangkan","Gamenya sangat asik dan santai, saya sampai lupa waktu saat bermain game ini dan game ini juga memiliki komunitas yang sangat aktif sehingga banyak modder yang membuat mod yang beraneka ragam sehingga membuat gameplay game ini sanagt menyenangkan","gamenya sangat asik dan santai, saya sampai lupa waktu saat bermain game ini dan game ini juga memiliki komunitas yang sangat aktif sehingga banyak modder yang membuat mod yang beraneka ragam sehingga membuat gameplay game ini sanagt menyenangkan","gamenya sangat asik dan santai, saya sampai lupa waktu saat bermain game ini dan game ini juga memiliki komunitas yang sangat aktif sehingga banyak modder yang membuat mod yang beraneka ragam sehingga membuat gameplay game ini sanagt menyenangkan",gamenya sangat asik dan santai saya sampai lupa waktu saat bermain game ini dan game ini juga memiliki komunitas yang sangat aktif sehingga banyak modder yang membuat mod yang beraneka ragam sehingga membuat gameplay game ini sanagt menyenangkan,gamenya sangat asik dan santai saya sampai lupa waktu saat bermain game ini dan game ini juga memiliki komunitas yang sangat aktif sehingga banyak modder yang membuat mod yang beraneka ragam sehingga membuat gameplay game ini sanagt menyenangkan,game sangat asik dan santai saya sampai lupa waktu saat main game ini dan game ini juga milik komunitas yang sangat aktif sehingga banyak modder yang buat mod yang aneka ragam sehingga buat gameplay game ini sanagt senang,game asik santai lupa main game game milik komunitas aktif modder mod aneka ragam gameplay game sanagt senang
good game,True,good game,good game,good game,good game,good game,good game,good game,good game
Seru banget gamenya,True,Seru banget gamenya,Seru banget gamenya,seru banget gamenya,seru banget gamenya,seru banget gamenya,seru banget gamenya,seru banget game,seru banget game
Gud,True,Gud,Gud,gud,gud,gud,gud,gud,gud
Masterpiece!,True,Masterpiece!,Masterpiece!,masterpiece!,masterpiece!,masterpiece,masterpiece,memasterpiece,memasterpiece
Bagus gamenya sangat chill,True,Bagus gamenya sangat chill,Bagus gamenya sangat chill,bagus gamenya sangat chill,bagus gamenya sangat chill,bagus gamenya sangat chill,bagus gamenya sangat chill,bagus game sangat chill,bagus game chill
saya cinta berkebun,True,saya cinta berkebun,saya cinta berkebun,saya cinta berkebun,saya cinta berkebun,saya cinta berkebun,saya cinta berkebun,saya cinta kebun,cinta kebun
niceee,True,niceee,niceee,niceee,niceee,niceee,niceee,niceee,niceee
i like this game make me want to go to a village and start a new life,True,i like this game make me want to go to a village and start a new life,i like this game make me want to go to a village and start a new life,i like this game make me want to go to a village and start a new life,i like this game make me want to go to a village and start a new life,i like this game make me want to go to a village and start a new life,i like this game make me want to go to a village and start a new life,i like this game memake me want to go to a village and start a new life,i like this game memake me want to go to a village and start a new life
"MASTERPIECE
",True,"MASTERPIECE
","MASTERPIECE
","masterpiece
","masterpiece
",masterpiece,masterpiece,memasterpiece,memasterpiece
relaxing,True,relaxing,relaxing,relaxing,relaxing,relaxing,relaxing,relaxing,relaxing
Menakjubkan,True,Menakjubkan,Menakjubkan,menakjubkan,menakjubkan,menakjubkan,menakjubkan,takjub,takjub
"best game for chill, i'm really recomended",True,"best game for chill, i'm really recomended","best game for chill, i'm really recomended","best game for chill, i'm really recomended","best game for chill, i'm really recomended",best game for chill i m really recomended,best game for chill i m really recomended,best game for chill i m really recomended,best game for chill i m really recomended
sekali main gak bisa berhenti,True,sekali main gak bisa berhenti,sekali main gak bisa berhenti,sekali main gak bisa berhenti,sekali main gak bisa berhenti,sekali main gak bisa berhenti,sekali main gak bisa berhenti,sekali main tidak bisa henti,main henti
so much fun especially when playing it with mod,True,so much fun especially when playing it with mod,so much fun especially when playing it with mod,so much fun especially when playing it with mod,so much fun especially when playing it with mod,so much fun especially when playing it with mod,so much fun especially when playing it with mod,so memuch fun especially when playing it with mod,so memuch fun especially when playing it with mod
Good gaem,True,Good gaem,Good gaem,good gaem,good gaem,good gaem,good gaem,good gaem,good gaem
Relaxing game,True,Relaxing game,Relaxing game,relaxing game,relaxing game,relaxing game,relaxing game,relaxing game,relaxing game
"This game has a reputation of being THE cozy game but i honestly found it to be very deep and is closer to something like Terraria rather than the usual Animal Crossing-like that people would think of when they hear the word 'cozy game' haha, but thats what makes it special for me, its easy to pick up and recommend even to those unfamiliar to gaming, but it still manages to hook them into learning how deep the game is and then proceed to play on said deeper levels while still at its core being a relaxing and non-pressuring game.",True,"This game has a reputation of being THE cozy game but i honestly found it to be very deep and is closer to something like Terraria rather than the usual Animal Crossing-like that people would think of when they hear the word 'cozy game' haha, but thats what makes it special for me, its easy to pick up and recommend even to those unfamiliar to gaming, but it still manages to hook them into learning how deep the game is and then proceed to play on said deeper levels while still at its core being a relaxing and non-pressuring game.","This game has a reputation of being THE cozy game but i honestly found it to be very deep and is closer to something like Terraria rather than the usual Animal Crossing-like that people would think of when they hear the word 'cozy game' haha, but thats what makes it special for me, its easy to pick up and recommend even to those unfamiliar to gaming, but it still manages to hook them into learning how deep the game is and then proceed to play on said deeper levels while still at its core being a relaxing and non-pressuring game.","this game has a reputation of being the cozy game but i honestly found it to be very deep and is closer to something like terraria rather than the usual animal crossing-like that people would think of when they hear the word 'cozy game' haha, but thats what makes it special for me, its easy to pick up and recommend even to those unfamiliar to gaming, but it still manages to hook them into learning how deep the game is and then proceed to play on said deeper levels while still at its core being a relaxing and non-pressuring game.","this game has a reputation of being the cozy game but i honestly found it to be very deep and is closer to something like terraria rather than the usual animal crossing-like that people would think of when they hear the word 'cozy game' haha, but thats what makes it special for me, its easy to pick up and recommend even to those unfamiliar to gaming, but it still manages to hook them into learning how deep the game is and then proceed to play on said deeper levels while still at its core being a relaxing and non-pressuring game.",this game has a reputation of being the cozy game but i honestly found it to be very deep and is closer to something like terraria rather than the usual animal crossing like that people would think of when they hear the word cozy game haha but thats what makes it special for me its easy to pick up and recommend even to those unfamiliar to gaming but it still manages to hook them into learning how deep the game is and then proceed to play on said deeper levels while still at its core being a relaxing and non pressuring game,this game has a reputation of being the cozy game but i honestly found it to be very deep and is closer to something like terraria rather than the usual animal crossing like that people would think of when they hear the word cozy game haha but thats what makes it special for me its easy to pick up and recommend even to those unfamiliar to gaming but it still manages to hook them into learning how deep the game is and then proceed to play on said deeper levels while still at its core being a relaxing and non pressuring game,this game has a reputation of being the cozy game but i honestly found it to be very deep and is closer to something like terraria rather than the usual animal crossing like that people would think of when they hear the word cozy game haha but thats what memakes it special for me its easy to pick up and recommend even to those unfamiliar to gaming but it still manages to hook them into learning how deap the game is and then proceed to play on said deeper levels while still at its core being a relaxing and non pressuring game,this game has a reputation of being the cozy game but i honestly found it to be very deep and is closer to something like terraria rather than the usual animal crossing like that people would think of when they hear the word cozy game haha but thats what memakes it special for me its easy to pick up and recommend even to those unfamiliar to gaming but it still manages to hook them into learning how deap the game is and then proceed to play on said deeper levels while still at its core being a relaxing and non pressuring game
Great Farm game with rich content,True,Great Farm game with rich content,Great Farm game with rich content,great farm game with rich content,great farm game with rich content,great farm game with rich content,great farm game with rich content,great farm game with rich content,great farm game with rich content
You can talk with girls,True,You can talk with girls,You can talk with girls,you can talk with girls,you can talk with girls,you can talk with girls,you can talk with girls,you can talk with girls,you can talk with girls
Best game for relax,True,Best game for relax,Best game for relax,best game for relax,best game for relax,best game for relax,best game for relax,best game for relax,best game for relax
wow,True,wow,wow,wow,wow,wow,wow,wow,wow
best game,True,best game,best game,best game,best game,best game,best game,best game,best game
game chill!!,True,game chill!!,game chill!!,game chill!!,game chill!!,game chill,game chill,game chill,game chill
I love time management.,True,I love time management.,I love time management.,i love time management.,i love time management.,i love time management,i love time management,i love time management,i love time management
"Adiktif parah, routine at least setahun main sekali ini game wkwk",True,"Adiktif parah, routine at least setahun main sekali ini game wkwk","Adiktif parah, routine at least setahun main sekali ini game wkwk","adiktif parah, routine at least setahun main sekali ini game wkwk","adiktif parah, routine at least setahun main sekali ini game wkwk",adiktif parah routine at least setahun main sekali ini game wkwk,adiktif parah routine at least setahun main sekali ini game wkwk,adiktif parah routine at least tahun main sekali ini game wkwk,adiktif parah routine at least main game wkwk
Robin cantik banget,True,Robin cantik banget,Robin cantik banget,robin cantik banget,robin cantik banget,robin cantik banget,robin cantik banget,rob cantik banget,rob cantik banget
yayayaya,True,yayayaya,yayayaya,yayayaya,yayayaya,yayayaya,yayayaya,yayayaya,yayayaya
cocok bet buat kalian yang suka game santai,True,cocok bet buat kalian yang suka game santai,cocok bet buat kalian yang suka game santai,cocok bet buat kalian yang suka game santai,cocok bet buat kalian yang suka game santai,cocok bet buat kalian yang suka game santai,cocok bet buat kalian yang suka game santai,cocok bet buat kalian yang suka game santai,cocok bet suka game santai
apresiasi ke devoloper indie :},True,apresiasi ke devoloper indie :},apresiasi ke devoloper indie :},apresiasi ke devoloper indie :},apresiasi ke devoloper indie :},apresiasi ke devoloper indie,apresiasi ke devoloper indie,apresiasi ke devoloper indie,apresiasi devoloper indie
the best farm game!,True,the best farm game!,the best farm game!,the best farm game!,the best farm game!,the best farm game,the best farm game,the best farm game,the best farm game
"""Do the farm, do the fishing, and do stay out of trouble that you can't handle kiddo."", said the self-insert character that i created who clearly more mature than me.

Saya masih setuju dengan ulasan di atas sambil tertawa tersipu. Indie game terbaik yang pernah kutemui hingga saat ini.",True,"""Do the farm, do the fishing, and do stay out of trouble that you can't handle kiddo."", said the self-insert character that i created who clearly more mature than me.

Saya masih setuju dengan ulasan di atas sambil tertawa tersipu. Indie game terbaik yang pernah kutemui hingga saat ini.","""Do the farm, do the fishing, and do stay out of trouble that you can't handle kiddo."", said the self-insert character that i created who clearly more mature than me.

Saya masih setuju dengan ulasan di atas sambil tertawa tersipu. Indie game terbaik yang pernah kutemui hingga saat ini.","""do the farm, do the fishing, and do stay out of trouble that you can't handle kiddo."", said the self-insert character that i created who clearly more mature than me.

saya masih setuju dengan ulasan di atas sambil tertawa tersipu. indie game terbaik yang pernah kutemui hingga saat ini.","""do the farm, do the fishing, and do stay out of trouble that you can't handle kiddo."", said the self-insert character that i created who clearly more mature than me.

saya masih setuju dengan ulasan di atas sambil tertawa tersipu. indie game terbaik yang pernah kutemui hingga saat ini.",do the farm do the fishing and do stay out of trouble that you can t handle kiddo said the self insert character that i created who clearly more mature than me saya masih setuju dengan ulasan di atas sambil tertawa tersipu indie game terbaik yang pernah kutemui hingga saat ini,do the farm do the fishing and do stay out of trouble that you can t handle kiddo said the self insert character that i created who clearly more mature than me saya masih setuju dengan ulasan di atas sambil tertawa tersipu indie game terbaik yang pernah kutemui hingga saat ini,do the farm do the fishing and do stay out of trouble that you can t handle kiddo said the self insert character that i created who clearly memore mature than me saya masih tuju dengan ulas di atas sambil tawa sipu indie game baik yang pernah temu hingga saat ini,do the farm do the fishing and do stay out of trouble that you can t handle kiddo said the self insert character that i created who clearly memore mature than me tuju ulas tawa sipu indie game temu
Bagus. Membawa kenangan farming simulator di masa Playstation.,True,Bagus. Membawa kenangan farming simulator di masa Playstation.,Bagus. Membawa kenangan farming simulator di masa Playstation.,bagus. membawa kenangan farming simulator di masa playstation.,bagus. membawa kenangan farming simulator di masa playstation.,bagus membawa kenangan farming simulator di masa playstation,bagus membawa kenangan farming simulator di masa playstation,bagus bawa kenang farming simulator di masa playstation,bagus bawa kenang farming simulator playstation
suka,True,suka,suka,suka,suka,suka,suka,suka,suka
Good,True,Good,Good,good,good,good,good,good,good
good,True,good,good,good,good,good,good,good,good
rami,True,rami,rami,rami,rami,rami,rami,rami,rami
the bestt pokoknya. berasa masuk kedunia nya itu sendiri,True,the bestt pokoknya. berasa masuk kedunia nya itu sendiri,the bestt pokoknya. berasa masuk kedunia nya itu sendiri,the bestt pokoknya. berasa masuk kedunia nya itu sendiri,the bestt pokoknya. berasa masuk kedunia nya itu sendiri,the bestt pokoknya berasa masuk kedunia nya itu sendiri,the bestt pokoknya berasa masuk kedunia nya itu sendiri,the bestt pokok asa masuk dunia nya itu sendiri,the bestt pokok asa masuk dunia nya
I love this sweet game,True,I love this sweet game,I love this sweet game,i love this sweet game,i love this sweet game,i love this sweet game,i love this sweet game,i love this sweet game,i love this sweet game
subarashi,True,subarashi,subarashi,subarashi,subarashi,subarashi,subarashi,subarashi,subarashi
"Game yang bagus ,cocok dimankan saat sedang santai, mengingatkan saat bermain game harvest moon BTN dulu.
Kalau bisa mohun tambahkan bahasa indonesianya supaya lebih mudah untuk memainkannya.",True,"Game yang bagus ,cocok dimankan saat sedang santai, mengingatkan saat bermain game harvest moon BTN dulu.
Kalau bisa mohun tambahkan bahasa indonesianya supaya lebih mudah untuk memainkannya.","Game yang bagus ,cocok dimankan saat sedang santai, mengingatkan saat bermain game harvest moon BTN dulu.
Kalau bisa mohun tambahkan bahasa indonesianya supaya lebih mudah untuk memainkannya.","game yang bagus ,cocok dimankan saat sedang santai, mengingatkan saat bermain game harvest moon btn dulu.
kalau bisa mohun tambahkan bahasa indonesianya supaya lebih mudah untuk memainkannya.","game yang bagus ,cocok dimankan saat sedang santai, mengingatkan saat bermain game harvest moon btn dulu.
kalau bisa mohun tambahkan bahasa indonesianya supaya lebih mudah untuk memainkannya.",game yang bagus cocok dimankan saat sedang santai mengingatkan saat bermain game harvest moon btn dulu kalau bisa mohun tambahkan bahasa indonesianya supaya lebih mudah untuk memainkannya,game yang bagus cocok dimankan saat sedang santai mengingatkan saat bermain game harvest moon btn dulu kalau bisa mohun tambahkan bahasa indonesianya supaya lebih mudah untuk memainkannya,game yang bagus cocok dimankan saat sedang santai ingat saat main game harvest memoon btn dulu kalau bisa mohun tambah bahasa indonesia supaya lebih mudah untuk main,game bagus cocok dimankan santai main game harvest memoon btn mohun bahasa indonesia mudah main
"got no time for society, there's crops need to be watered.",True,"got no time for society, there's crops need to be watered.","got no time for society, there's crops need to be watered.","got no time for society, there's crops need to be watered.","got no time for society, there's crops need to be watered.",got no time for society there s crops need to be watered,got no time for society there s crops need to be watered,got no time for society there s crops need to be watered,got no time for society there s crops need to be watered
sangat amat mantap,True,sangat amat mantap,sangat amat mantap,sangat amat mantap,sangat amat mantap,sangat amat mantap,sangat amat mantap,sangat amat mantap,mantap
this game is so fun bruh idk,True,this game is so fun bruh idk,this game is so fun bruh idk,this game is so fun bruh idk,this game is so fun bruh idk,this game is so fun bruh idk,this game is so fun bruh idk,this game is so fun bruh idk,this game is so fun bruh idk
Love this game,True,Love this game,Love this game,love this game,love this game,love this game,love this game,love this game,love this game
tambahin fitur poligami dong😇,True,tambahin fitur poligami dong😇,tambahin fitur poligami dong😇,tambahin fitur poligami dong😇,tambahin fitur poligami dong😇,tambahin fitur poligami dong😇,tambahin fitur poligami dong,tambah fitur poligami dong,fitur poligami
"ini game memberikan kebebasan, aku tidak lagi terikat dengan game live service kompetitif. tidak ada lagi team dark sytems. komunitasnya humble   ☕",True,"ini game memberikan kebebasan, aku tidak lagi terikat dengan game live service kompetitif. tidak ada lagi team dark sytems. komunitasnya humble   ☕","ini game memberikan kebebasan, aku tidak lagi terikat dengan game live service kompetitif. tidak ada lagi team dark sytems. komunitasnya humble   ☕","ini game memberikan kebebasan, aku tidak lagi terikat dengan game live service kompetitif. tidak ada lagi team dark sytems. komunitasnya humble   ☕","ini game memberikan kebebasan, aku tidak lagi terikat dengan game live service kompetitif. tidak ada lagi team dark sytems. komunitasnya humble   ☕",ini game memberikan kebebasan aku tidak lagi terikat dengan game live service kompetitif tidak ada lagi team dark sytems komunitasnya humble ☕,ini game memberikan kebebasan aku tidak lagi terikat dengan game live service kompetitif tidak ada lagi team dark sytems komunitasnya humble ,ini game beri bebas aku tidak lagi ikat dengan game live service kompetitif tidak ada lagi team dark sytems komunitas humble ,game bebas ikat game live service kompetitif team dark sytems komunitas humble
"Game yang bagus untuk bersantai, tidak kompetitif, cocok untuk orang yang santai dan tidak suka bersaing",True,"Game yang bagus untuk bersantai, tidak kompetitif, cocok untuk orang yang santai dan tidak suka bersaing","Game yang bagus untuk bersantai, tidak kompetitif, cocok untuk orang yang santai dan tidak suka bersaing","game yang bagus untuk bersantai, tidak kompetitif, cocok untuk orang yang santai dan tidak suka bersaing","game yang bagus untuk bersantai, tidak kompetitif, cocok untuk orang yang santai dan tidak suka bersaing",game yang bagus untuk bersantai tidak kompetitif cocok untuk orang yang santai dan tidak suka bersaing,game yang bagus untuk bersantai tidak kompetitif cocok untuk orang yang santai dan tidak suka bersaing,game yang bagus untuk santai tidak kompetitif cocok untuk orang yang santai dan tidak suka saing,game bagus santai kompetitif cocok orang santai suka saing
y,True,y,y,y,y,y,y,iya,iya
"Recomended lur, bisa bertani, beternak, mancing, bikin kolam, produksi artisan, nikahin abigail, event tahunan, dll, kalo ada yg bilang gamenya gak seru karena burik dan bikin sakit mata?, bilangin ke penyefonk melers, yang burik itu skin lengen alufeed yg gak bisa naik motor 😤😤, mana harganya mehong setara 3 game triple A deluxe edition awkwkwk, 1 menit di stardew valley >>>>> main melers pake luo yi 1800 match (mana gak pernah immortal pulak awkwkwk)",True,"Recomended lur, bisa bertani, beternak, mancing, bikin kolam, produksi artisan, nikahin abigail, event tahunan, dll, kalo ada yg bilang gamenya gak seru karena burik dan bikin sakit mata?, bilangin ke penyefonk melers, yang burik itu skin lengen alufeed yg gak bisa naik motor 😤😤, mana harganya mehong setara 3 game triple A deluxe edition awkwkwk, 1 menit di stardew valley >>>>> main melers pake luo yi 1800 match (mana gak pernah immortal pulak awkwkwk)","Recomended lur, bisa bertani, beternak, mancing, bikin kolam, produksi artisan, nikahin abigail, event tahunan, dll, kalo ada yg bilang gamenya gak seru karena burik dan bikin sakit mata?, bilangin ke penyefonk melers, yang burik itu skin lengen alufeed yg gak bisa naik motor 😤😤, mana harganya mehong setara 3 game triple A deluxe edition awkwkwk, 1 menit di stardew valley >>>>> main melers pake luo yi 1800 match (mana gak pernah immortal pulak awkwkwk)","recomended lur, bisa bertani, beternak, mancing, bikin kolam, produksi artisan, nikahin abigail, event tahunan, dll, kalo ada yg bilang gamenya gak seru karena burik dan bikin sakit mata?, bilangin ke penyefonk melers, yang burik itu skin lengen alufeed yg gak bisa naik motor 😤😤, mana harganya mehong setara 3 game triple a deluxe edition awkwkwk, 1 menit di stardew valley >>>>> main melers pake luo yi 1800 match (mana gak pernah immortal pulak awkwkwk)","recomended lur, bisa bertani, beternak, mancing, bikin kolam, produksi artisan, nikahin abigail, event tahunan, dll, kalo ada yg bilang gamenya gak seru karena burik dan bikin sakit mata?, bilangin ke penyefonk melers, yang burik itu skin lengen alufeed yg gak bisa naik motor 😤😤, mana harganya mehong setara 3 game triple a deluxe edition awkwkwk, 1 menit di stardew valley >>>>> main melers pake luo yi 1800 match (mana gak pernah immortal pulak awkwkwk)",recomended lur bisa bertani beternak mancing bikin kolam produksi artisan nikahin abigail event tahunan dll kalo ada yg bilang gamenya gak seru karena burik dan bikin sakit mata bilangin ke penyefonk melers yang burik itu skin lengen alufeed yg gak bisa naik motor 😤😤 mana harganya mehong setara 3 game triple a deluxe edition awkwkwk 1 menit di stardew valley main melers pake luo yi 1800 match mana gak pernah immortal pulak awkwkwk,recomended lur bisa bertani beternak mancing bikin kolam produksi artisan nikahin abigail event tahunan dll kalo ada yg bilang gamenya gak seru karena burik dan bikin sakit mata bilangin ke penyefonk melers yang burik itu skin lengen alufeed yg gak bisa naik motor  mana harganya mehong setara 3 game triple a deluxe edition awkwkwk 1 menit di stardew valley main melers pake luo yi 1800 match mana gak pernah immortal pulak awkwkwk,recomended lur bisa tani ternak pancing bikin kolam produksi artisan nikah abigail event tahun dll kalau ada yang bilang game tidak seru karena burik dan bikin sakit mata bilang ke penyefonk melers yang burik itu skin lengan alufeed yang tidak bisa naik motor  mana harga pehong setara 3 game triple a deluxe edition awkwkwk 1 menit di stardew valley main memelers pake luo yi 1800 match mana tidak pernah immortal pulak awkwkwk,recomended lur tani ternak pancing bikin kolam produksi artisan nikah abigail event dll bilang game seru burik bikin sakit mata bilang penyefonk melers burik skin lengan alufeed motor harga pehong setara 3 game triple a deluxe edition awkwkwk 1 menit stardew valley main memelers pake luo yi 1800 match immortal pulak awkwkwk
permainan yang sangat damai,True,permainan yang sangat damai,permainan yang sangat damai,permainan yang sangat damai,permainan yang sangat damai,permainan yang sangat damai,permainan yang sangat damai,main yang sangat damai,main damai
gg,True,gg,gg,gg,gg,gg,gg,gg,gg
Game orang sigma,True,Game orang sigma,Game orang sigma,game orang sigma,game orang sigma,game orang sigma,game orang sigma,game orang sigma,game orang sigma
This game is very addicting and have so much content added in over the years. Not to mention the vibrant modding community it has. It is a very good game.,True,This game is very addicting and have so much content added in over the years. Not to mention the vibrant modding community it has. It is a very good game.,This game is very addicting and have so much content added in over the years. Not to mention the vibrant modding community it has. It is a very good game.,this game is very addicting and have so much content added in over the years. not to mention the vibrant modding community it has. it is a very good game.,this game is very addicting and have so much content added in over the years. not to mention the vibrant modding community it has. it is a very good game.,this game is very addicting and have so much content added in over the years not to mention the vibrant modding community it has it is a very good game,this game is very addicting and have so much content added in over the years not to mention the vibrant modding community it has it is a very good game,this game is very addicting and have so memuch content added in over the years not to mention the vibrant modding community it has it is a very good game,this game is very addicting and have so memuch content added in over the years not to mention the vibrant modding community it has it is a very good game
"tolong tambahkan bahasa indonesia dalam game ini
",True,"tolong tambahkan bahasa indonesia dalam game ini
","tolong tambahkan bahasa indonesia dalam game ini
","tolong tambahkan bahasa indonesia dalam game ini
","tolong tambahkan bahasa indonesia dalam game ini
",tolong tambahkan bahasa indonesia dalam game ini,tolong tambahkan bahasa indonesia dalam game ini,tolong tambah bahasa indonesia dalam game ini,tolong bahasa indonesia game
bisa mabar dan membangun pertanian breng. buwat game date seru,True,bisa mabar dan membangun pertanian breng. buwat game date seru,bisa mabar dan membangun pertanian breng. buwat game date seru,bisa mabar dan membangun pertanian breng. buwat game date seru,bisa mabar dan membangun pertanian breng. buwat game date seru,bisa mabar dan membangun pertanian breng buwat game date seru,bisa mabar dan membangun pertanian breng buwat game date seru,bisa memabar dan bangun tani breng buwat game date seru,memabar bangun tani breng buwat game date seru
info pacar,True,info pacar,info pacar,info pacar,info pacar,info pacar,info pacar,info pacar,info pacar
rekomended pokoknya mah,True,rekomended pokoknya mah,rekomended pokoknya mah,rekomended pokoknya mah,rekomended pokoknya mah,rekomended pokoknya mah,rekomended pokoknya mah,rekomended pokok mah,rekomended pokok mah
game buat nenangin  pikiran wkwk,True,game buat nenangin  pikiran wkwk,game buat nenangin  pikiran wkwk,game buat nenangin  pikiran wkwk,game buat nenangin  pikiran wkwk,game buat nenangin pikiran wkwk,game buat nenangin pikiran wkwk,game buat tenang pikir wkwk,game tenang pikir wkwk
"keren sekali developer, developer membawa kami nostalgia kembali ke era ps 1 dimana banyak orang-orang yang bermain game harvest moon back to nature dan salah satunya adalah aku terimakasih developer sudah mengingatkan aku kembali kepada game bercocok tanam",True,"keren sekali developer, developer membawa kami nostalgia kembali ke era ps 1 dimana banyak orang-orang yang bermain game harvest moon back to nature dan salah satunya adalah aku terimakasih developer sudah mengingatkan aku kembali kepada game bercocok tanam","keren sekali developer, developer membawa kami nostalgia kembali ke era ps 1 dimana banyak orang-orang yang bermain game harvest moon back to nature dan salah satunya adalah aku terimakasih developer sudah mengingatkan aku kembali kepada game bercocok tanam","keren sekali developer, developer membawa kami nostalgia kembali ke era ps 1 dimana banyak orang-orang yang bermain game harvest moon back to nature dan salah satunya adalah aku terimakasih developer sudah mengingatkan aku kembali kepada game bercocok tanam","keren sekali developer, developer membawa kami nostalgia kembali ke era ps 1 dimana banyak orang-orang yang bermain game harvest moon back to nature dan salah satunya adalah aku terimakasih developer sudah mengingatkan aku kembali kepada game bercocok tanam",keren sekali developer developer membawa kami nostalgia kembali ke era ps 1 dimana banyak orang orang yang bermain game harvest moon back to nature dan salah satunya adalah aku terimakasih developer sudah mengingatkan aku kembali kepada game bercocok tanam,keren sekali developer developer membawa kami nostalgia kembali ke era ps 1 dimana banyak orang orang yang bermain game harvest moon back to nature dan salah satunya adalah aku terimakasih developer sudah mengingatkan aku kembali kepada game bercocok tanam,keren sekali developer developer bawa kami nostalgia kembali ke era ps 1 mana banyak orang orang yang main game harvest memoon back to menature dan salah satu adalah aku terimakasih developer sudah ingat aku kembali kepada game cocok tanam,keren developer developer bawa nostalgia era ps 1 orang orang main game harvest memoon back to menature salah terimakasih developer game cocok tanam
"very lovely games, that you can enjoy everyday",True,"very lovely games, that you can enjoy everyday","very lovely games, that you can enjoy everyday","very lovely games, that you can enjoy everyday","very lovely games, that you can enjoy everyday",very lovely games that you can enjoy everyday,very lovely games that you can enjoy everyday,very lovely games that you can enjoy everyday,very lovely games that you can enjoy everyday
i like it,True,i like it,i like it,i like it,i like it,i like it,i like it,i like it,i like it
game bagus buat pengangguran,True,game bagus buat pengangguran,game bagus buat pengangguran,game bagus buat pengangguran,game bagus buat pengangguran,game bagus buat pengangguran,game bagus buat pengangguran,game bagus buat anggur,game bagus anggur
Seru! Apalagi kalau kalian mau main game yang bisa santai dan multiplayer ini game recomend bangett,True,Seru! Apalagi kalau kalian mau main game yang bisa santai dan multiplayer ini game recomend bangett,Seru! Apalagi kalau kalian mau main game yang bisa santai dan multiplayer ini game recomend bangett,seru! apalagi kalau kalian mau main game yang bisa santai dan multiplayer ini game recomend bangett,seru! apalagi kalau kalian mau main game yang bisa santai dan multiplayer ini game recomend bangett,seru apalagi kalau kalian mau main game yang bisa santai dan multiplayer ini game recomend bangett,seru apalagi kalau kalian mau main game yang bisa santai dan multiplayer ini game recomend bangett,seru apalagi kalau kalian mau main game yang bisa santai dan multiplayer ini game recomend bangett,seru main game santai multiplayer game recomend bangett
Ini game yang sangat seru. Banyak yang bisa dieksplorasi. Saya suka dengan adegan-adegan baru dan tempat rahasia. Tentu saja dekorasi kebun sudah menyita waktuku hahaha.,True,Ini game yang sangat seru. Banyak yang bisa dieksplorasi. Saya suka dengan adegan-adegan baru dan tempat rahasia. Tentu saja dekorasi kebun sudah menyita waktuku hahaha.,Ini game yang sangat seru. Banyak yang bisa dieksplorasi. Saya suka dengan adegan-adegan baru dan tempat rahasia. Tentu saja dekorasi kebun sudah menyita waktuku hahaha.,ini game yang sangat seru. banyak yang bisa dieksplorasi. saya suka dengan adegan-adegan baru dan tempat rahasia. tentu saja dekorasi kebun sudah menyita waktuku hahaha.,ini game yang sangat seru. banyak yang bisa dieksplorasi. saya suka dengan adegan-adegan baru dan tempat rahasia. tentu saja dekorasi kebun sudah menyita waktuku hahaha.,ini game yang sangat seru banyak yang bisa dieksplorasi saya suka dengan adegan adegan baru dan tempat rahasia tentu saja dekorasi kebun sudah menyita waktuku hahaha,ini game yang sangat seru banyak yang bisa dieksplorasi saya suka dengan adegan adegan baru dan tempat rahasia tentu saja dekorasi kebun sudah menyita waktuku hahaha,ini game yang sangat seru banyak yang bisa eksplorasi saya suka dengan adegan adegan baru dan tempat rahasia tentu saja dekorasi kebun sudah sita waktu hahaha,game seru eksplorasi suka adegan adegan rahasia dekorasi kebun sita hahaha
"Keren banget gamenya, nyaman buat dimainin, banyak banget fitur nya one of my fav adalah fitur crafting dan combat jadi gak bosenin.",True,"Keren banget gamenya, nyaman buat dimainin, banyak banget fitur nya one of my fav adalah fitur crafting dan combat jadi gak bosenin.","Keren banget gamenya, nyaman buat dimainin, banyak banget fitur nya one of my fav adalah fitur crafting dan combat jadi gak bosenin.","keren banget gamenya, nyaman buat dimainin, banyak banget fitur nya one of my fav adalah fitur crafting dan combat jadi gak bosenin.","keren banget gamenya, nyaman buat dimainin, banyak banget fitur nya one of my fav adalah fitur crafting dan combat jadi gak bosenin.",keren banget gamenya nyaman buat dimainin banyak banget fitur nya one of my fav adalah fitur crafting dan combat jadi gak bosenin,keren banget gamenya nyaman buat dimainin banyak banget fitur nya one of my fav adalah fitur crafting dan combat jadi gak bosenin,keren banget game nyaman buat main banyak banget fitur nya one of my fav adalah fitur crafting dan combat jadi tidak bosan,keren banget game nyaman main banget fitur nya one of my fav fitur crafting combat bosan
bagus,True,bagus,bagus,bagus,bagus,bagus,bagus,bagus,bagus
"Yang paling menarik disini, kita bisa memilki celana pendek Lewis lebih dari satu. Nice Update dev!",True,"Yang paling menarik disini, kita bisa memilki celana pendek Lewis lebih dari satu. Nice Update dev!","Yang paling menarik disini, kita bisa memilki celana pendek Lewis lebih dari satu. Nice Update dev!","yang paling menarik disini, kita bisa memilki celana pendek lewis lebih dari satu. nice update dev!","yang paling menarik disini, kita bisa memilki celana pendek lewis lebih dari satu. nice update dev!",yang paling menarik disini kita bisa memilki celana pendek lewis lebih dari satu nice update dev,yang paling menarik disini kita bisa memilki celana pendek lewis lebih dari satu nice update dev,yang paling tarik sini kita bisa memilki celana pendek lewis lebih dari satu menice update dev,tarik memilki celana pendek lewis menice update dev
Permainan yang sangat nyaman,True,Permainan yang sangat nyaman,Permainan yang sangat nyaman,permainan yang sangat nyaman,permainan yang sangat nyaman,permainan yang sangat nyaman,permainan yang sangat nyaman,main yang sangat nyaman,main nyaman
menunggu di tambahkan bahasa indonesia,True,menunggu di tambahkan bahasa indonesia,menunggu di tambahkan bahasa indonesia,menunggu di tambahkan bahasa indonesia,menunggu di tambahkan bahasa indonesia,menunggu di tambahkan bahasa indonesia,menunggu di tambahkan bahasa indonesia,tunggu di tambah bahasa indonesia,tunggu bahasa indonesia
"bisa pacaran
bisa menikah/ bisa ngegay
bisa buat anak (kalau gay kayaknya ga bisa)
anak nya bisa dikorbanin ke babi ngepet biar dapat uang

10/10",True,"bisa pacaran
bisa menikah/ bisa ngegay
bisa buat anak (kalau gay kayaknya ga bisa)
anak nya bisa dikorbanin ke babi ngepet biar dapat uang

10/10","bisa pacaran
bisa menikah/ bisa ngegay
bisa buat anak (kalau gay kayaknya ga bisa)
anak nya bisa dikorbanin ke babi ngepet biar dapat uang

10/10","bisa pacaran
bisa menikah/ bisa ngegay
bisa buat anak (kalau gay kayaknya ga bisa)
anak nya bisa dikorbanin ke babi ngepet biar dapat uang

10/10","bisa pacaran
bisa menikah/ bisa ngegay
bisa buat anak (kalau gay kayaknya ga bisa)
anak nya bisa dikorbanin ke babi ngepet biar dapat uang

10/10",bisa pacaran bisa menikah bisa ngegay bisa buat anak kalau gay kayaknya ga bisa anak nya bisa dikorbanin ke babi ngepet biar dapat uang 10 10,bisa pacaran bisa menikah bisa ngegay bisa buat anak kalau gay kayaknya ga bisa anak nya bisa dikorbanin ke babi ngepet biar dapat uang 10 10,bisa pacar bisa meni bisa ngegay bisa buat anak kalau gay kayak tidak bisa anak nya bisa dikorbanin ke babi pet biar dapat uang 10 10,pacar meni ngegay anak gay kayak anak nya dikorbanin babi pet biar uang 10 10
OAWOJAOJAOW,True,OAWOJAOJAOW,OAWOJAOJAOW,oawojaojaow,oawojaojaow,oawojaojaow,oawojaojaow,oawojaojaow,oawojaojaow
good game,True,good game,good game,good game,good game,good game,good game,good game,good game
seruuu,True,seruuu,seruuu,seruuu,seruuu,seruuu,seruuu,seruuu,seruuu
"This game is very good to play in your spare time and in this game we are taught to survive starting from zero by farming, mining, fishing and so on.",True,"This game is very good to play in your spare time and in this game we are taught to survive starting from zero by farming, mining, fishing and so on.","This game is very good to play in your spare time and in this game we are taught to survive starting from zero by farming, mining, fishing and so on.","this game is very good to play in your spare time and in this game we are taught to survive starting from zero by farming, mining, fishing and so on.","this game is very good to play in your spare time and in this game we are taught to survive starting from zero by farming, mining, fishing and so on.",this game is very good to play in your spare time and in this game we are taught to survive starting from zero by farming mining fishing and so on,this game is very good to play in your spare time and in this game we are taught to survive starting from zero by farming mining fishing and so on,this game is very good to play in your spare time and in this game we are taught to survive starting from zero by farming memining fishing and so on,this game is very good to play in your spare time and in this game we are taught to survive starting from zero by farming memining fishing and so on
abgigail wangi wangii aduuuuh baru pulang disefonguin abigail langsung dinetnot sampia kering wleowleo croooooootttttt sueegegegegegegegegegegssssssssss best farming game ever,True,abgigail wangi wangii aduuuuh baru pulang disefonguin abigail langsung dinetnot sampia kering wleowleo croooooootttttt sueegegegegegegegegegegssssssssss best farming game ever,abgigail wangi wangii aduuuuh baru pulang disefonguin abigail langsung dinetnot sampia kering wleowleo croooooootttttt sueegegegegegegegegegegssssssssss best farming game ever,abgigail wangi wangii aduuuuh baru pulang disefonguin abigail langsung dinetnot sampia kering wleowleo croooooootttttt sueegegegegegegegegegegssssssssss best farming game ever,abgigail wangi wangii aduuuuh baru pulang disefonguin abigail langsung dinetnot sampia kering wleowleo croooooootttttt sueegegegegegegegegegegssssssssss best farming game ever,abgigail wangi wangii aduuuuh baru pulang disefonguin abigail langsung dinetnot sampia kering wleowleo croooooootttttt sueegegegegegegegegegegssssssssss best farming game ever,abgigail wangi wangii aduuuuh baru pulang disefonguin abigail langsung dinetnot sampia kering wleowleo croooooootttttt sueegegegegegegegegegegssssssssss best farming game ever,abgigail wangi wangi aduuuuh baru pulang disefonguin abigail langsung dinetnot sampia kering wleowleo croooooootttttt sueegegegegegegegegegegssssssssss best farming game ever,abgigail wangi wangi aduuuuh pulang disefonguin abigail langsung dinetnot sampia kering wleowleo croooooootttttt sueegegegegegegegegegegssssssssss best farming game ever
I love this game cuz i love my wife,True,I love this game cuz i love my wife,I love this game cuz i love my wife,i love this game cuz i love my wife,i love this game cuz i love my wife,i love this game cuz i love my wife,i love this game cuz i love my wife,i love this game cuz i love my wife,i love this game cuz i love my wife
bagus,True,bagus,bagus,bagus,bagus,bagus,bagus,bagus,bagus
best casual game,True,best casual game,best casual game,best casual game,best casual game,best casual game,best casual game,best casual game,best casual game
"waiting for new update
",True,"waiting for new update
","waiting for new update
","waiting for new update
","waiting for new update
",waiting for new update,waiting for new update,waiting for new update,waiting for new update
"keren nih mirip harves moon jaman dulu
",True,"keren nih mirip harves moon jaman dulu
","keren nih mirip harves moon jaman dulu
","keren nih mirip harves moon jaman dulu
","keren nih mirip harves moon jaman dulu
",keren nih mirip harves moon jaman dulu,keren nih mirip harves moon jaman dulu,keren ini mirip harves memoon jaman dulu,keren harves memoon jaman
uwuuwwuuww,True,uwuuwwuuww,uwuuwwuuww,uwuuwwuuww,uwuuwwuuww,uwuuwwuuww,uwuuwwuuww,uwuuwwuuww,uwuuwwuuww
"MANTAP💖, Sudah 3 Tahun Main Game ini tidak ada bosan-bosannya",True,"MANTAP💖, Sudah 3 Tahun Main Game ini tidak ada bosan-bosannya","MANTAP💖, Sudah 3 Tahun Main Game ini tidak ada bosan-bosannya","mantap💖, sudah 3 tahun main game ini tidak ada bosan-bosannya","mantap💖, sudah 3 tahun main game ini tidak ada bosan-bosannya",mantap💖 sudah 3 tahun main game ini tidak ada bosan bosannya,mantap sudah 3 tahun main game ini tidak ada bosan bosannya,mantap sudah 3 tahun main game ini tidak ada bosan bosan,mantap 3 main game bosan bosan
Game dengan Hari Hari dipenuhi dengan Berkebun dan berternak. banyak macam hal yang bisa dikerjakan game ini membuat ku betah memainkannya,True,Game dengan Hari Hari dipenuhi dengan Berkebun dan berternak. banyak macam hal yang bisa dikerjakan game ini membuat ku betah memainkannya,Game dengan Hari Hari dipenuhi dengan Berkebun dan berternak. banyak macam hal yang bisa dikerjakan game ini membuat ku betah memainkannya,game dengan hari hari dipenuhi dengan berkebun dan berternak. banyak macam hal yang bisa dikerjakan game ini membuat ku betah memainkannya,game dengan hari hari dipenuhi dengan berkebun dan berternak. banyak macam hal yang bisa dikerjakan game ini membuat ku betah memainkannya,game dengan hari hari dipenuhi dengan berkebun dan berternak banyak macam hal yang bisa dikerjakan game ini membuat ku betah memainkannya,game dengan hari hari dipenuhi dengan berkebun dan berternak banyak macam hal yang bisa dikerjakan game ini membuat ku betah memainkannya,game dengan hari hari penuh dengan kebun dan ternak banyak macam hal yang bisa kerja game ini buat ku betah main,game penuh kebun ternak kerja game ku betah main
Mantap seru kalo main online,True,Mantap seru kalo main online,Mantap seru kalo main online,mantap seru kalo main online,mantap seru kalo main online,mantap seru kalo main online,mantap seru kalo main online,mantap seru kalau main online,mantap seru main online
game nyah bikin ngantuk tapi seruu cihuyyy,True,game nyah bikin ngantuk tapi seruu cihuyyy,game nyah bikin ngantuk tapi seruu cihuyyy,game nyah bikin ngantuk tapi seruu cihuyyy,game nyah bikin ngantuk tapi seruu cihuyyy,game nyah bikin ngantuk tapi seruu cihuyyy,game nyah bikin ngantuk tapi seruu cihuyyy,game nyah bikin antuk tapi seruu cihuyyy,game nyah bikin antuk seruu cihuyyy
"game ini mengajarkan aku akan kesabaran, bahwa dimanapun dan bagaimanapun kondisi mu, kamu harus menerima takdir bahwa tidak semuanya harus saat ini juga, mungkin esok dan mungkin nanti akan terwujud. BTW game ini sangat santai gais. aku suka BERCOCOK TANAM dan BERKORUPSI ria hehehehe.",True,"game ini mengajarkan aku akan kesabaran, bahwa dimanapun dan bagaimanapun kondisi mu, kamu harus menerima takdir bahwa tidak semuanya harus saat ini juga, mungkin esok dan mungkin nanti akan terwujud. BTW game ini sangat santai gais. aku suka BERCOCOK TANAM dan BERKORUPSI ria hehehehe.","game ini mengajarkan aku akan kesabaran, bahwa dimanapun dan bagaimanapun kondisi mu, kamu harus menerima takdir bahwa tidak semuanya harus saat ini juga, mungkin esok dan mungkin nanti akan terwujud. BTW game ini sangat santai gais. aku suka BERCOCOK TANAM dan BERKORUPSI ria hehehehe.","game ini mengajarkan aku akan kesabaran, bahwa dimanapun dan bagaimanapun kondisi mu, kamu harus menerima takdir bahwa tidak semuanya harus saat ini juga, mungkin esok dan mungkin nanti akan terwujud. btw game ini sangat santai gais. aku suka bercocok tanam dan berkorupsi ria hehehehe.","game ini mengajarkan aku akan kesabaran, bahwa dimanapun dan bagaimanapun kondisi mu, kamu harus menerima takdir bahwa tidak semuanya harus saat ini juga, mungkin esok dan mungkin nanti akan terwujud. btw game ini sangat santai gais. aku suka bercocok tanam dan berkorupsi ria hehehehe.",game ini mengajarkan aku akan kesabaran bahwa dimanapun dan bagaimanapun kondisi mu kamu harus menerima takdir bahwa tidak semuanya harus saat ini juga mungkin esok dan mungkin nanti akan terwujud btw game ini sangat santai gais aku suka bercocok tanam dan berkorupsi ria hehehehe,game ini mengajarkan aku akan kesabaran bahwa dimanapun dan bagaimanapun kondisi mu kamu harus menerima takdir bahwa tidak semuanya harus saat ini juga mungkin esok dan mungkin nanti akan terwujud btw game ini sangat santai gais aku suka bercocok tanam dan berkorupsi ria hehehehe,game ini ajar aku akan sabar bahwa mana dan bagaimana kondisi mu kamu harus terima takdir bahwa tidak semua harus saat ini juga mungkin esok dan mungkin nanti akan wujud btw game ini sangat santai gais aku suka cocok tanam dan korupsi ria hehehehe,game ajar sabar kondisi mu terima takdir esok wujud btw game santai gais suka cocok tanam korupsi ria hehehehe
pokok nya nih game udah the best lah gw suka bet,True,pokok nya nih game udah the best lah gw suka bet,pokok nya nih game udah the best lah gw suka bet,pokok nya nih game udah the best lah gw suka bet,pokok nya nih game udah the best lah gw suka bet,pokok nya nih game udah the best lah gw suka bet,pokok nya nih game udah the best lah gw suka bet,pokok nya ini game udah the best lah gue suka bet,pokok nya game udah the best gue suka bet
tytyd dev nya panjang,True,tytyd dev nya panjang,tytyd dev nya panjang,tytyd dev nya panjang,tytyd dev nya panjang,tytyd dev nya panjang,tytyd dev nya panjang,tytyd dev nya panjang,tytyd dev nya
"mak aku jadi petani

",True,"mak aku jadi petani

","mak aku jadi petani

","mak aku jadi petani

","mak aku jadi petani

",mak aku jadi petani,mak aku jadi petani,mak aku jadi petan,mak petan
"Very exciting game, one of my favorite games, But one of the reasons I love this game so much is because of the person who gave it to me and made it more beautiful for me. But unfortunately that person is no longer with me and I miss her more every time I play this game  🙂",True,"Very exciting game, one of my favorite games, But one of the reasons I love this game so much is because of the person who gave it to me and made it more beautiful for me. But unfortunately that person is no longer with me and I miss her more every time I play this game  🙂","Very exciting game, one of my favorite games, But one of the reasons I love this game so much is because of the person who gave it to me and made it more beautiful for me. But unfortunately that person is no longer with me and I miss her more every time I play this game  🙂","very exciting game, one of my favorite games, but one of the reasons i love this game so much is because of the person who gave it to me and made it more beautiful for me. but unfortunately that person is no longer with me and i miss her more every time i play this game  🙂","very exciting game, one of my favorite games, but one of the reasons i love this game so much is because of the person who gave it to me and made it more beautiful for me. but unfortunately that person is no longer with me and i miss her more every time i play this game  🙂",very exciting game one of my favorite games but one of the reasons i love this game so much is because of the person who gave it to me and made it more beautiful for me but unfortunately that person is no longer with me and i miss her more every time i play this game 🙂,very exciting game one of my favorite games but one of the reasons i love this game so much is because of the person who gave it to me and made it more beautiful for me but unfortunately that person is no longer with me and i miss her more every time i play this game ,very exciting game one of my favorite games but one of the reasons i love this game so memuch is because of the person who gave it to me and memade it memore beautiful for me but unfortunately that person is no longer with me and i miss her memore every time i play this game ,very exciting game one of my favorite games but one of the reasons i love this game so memuch is because of the person who gave it to me and memade it memore beautiful for me but unfortunately that person is no longer with me and i miss her memore every time i play this game
"bagus, tapi gak bisa multiplayer kocak",True,"bagus, tapi gak bisa multiplayer kocak","bagus, tapi gak bisa multiplayer kocak","bagus, tapi gak bisa multiplayer kocak","bagus, tapi gak bisa multiplayer kocak",bagus tapi gak bisa multiplayer kocak,bagus tapi gak bisa multiplayer kocak,bagus tapi tidak bisa memultiplayer kocak,bagus memultiplayer kocak
Sudah lama main dan sangat menyukai game ini. Somoga gamenya terus update dan memberikan fitur unik yang baru.,True,Sudah lama main dan sangat menyukai game ini. Somoga gamenya terus update dan memberikan fitur unik yang baru.,Sudah lama main dan sangat menyukai game ini. Somoga gamenya terus update dan memberikan fitur unik yang baru.,sudah lama main dan sangat menyukai game ini. somoga gamenya terus update dan memberikan fitur unik yang baru.,sudah lama main dan sangat menyukai game ini. somoga gamenya terus update dan memberikan fitur unik yang baru.,sudah lama main dan sangat menyukai game ini somoga gamenya terus update dan memberikan fitur unik yang baru,sudah lama main dan sangat menyukai game ini somoga gamenya terus update dan memberikan fitur unik yang baru,sudah lama main dan sangat suka game ini somoga game terus update dan beri fitur unik yang baru,main suka game somoga game update fitur unik
Good,True,Good,Good,good,good,good,good,good,good
"I'm here cuz me wanna marry Alex :p

Jokes aside, this game is great! Of course, you need to spend some time to understand what to do but still, take your time. Until the time you become a great farmer and even marry someone you like here.

10/10 Waiting Alex to ask me grind together :D",True,"I'm here cuz me wanna marry Alex :p

Jokes aside, this game is great! Of course, you need to spend some time to understand what to do but still, take your time. Until the time you become a great farmer and even marry someone you like here.

10/10 Waiting Alex to ask me grind together :D","I'm here cuz me wanna marry Alex :p

Jokes aside, this game is great! Of course, you need to spend some time to understand what to do but still, take your time. Until the time you become a great farmer and even marry someone you like here.

10/10 Waiting Alex to ask me grind together :D","i'm here cuz me wanna marry alex :p

jokes aside, this game is great! of course, you need to spend some time to understand what to do but still, take your time. until the time you become a great farmer and even marry someone you like here.

10/10 waiting alex to ask me grind together :d","i'm here cuz me wanna marry alex :p

jokes aside, this game is great! of course, you need to spend some time to understand what to do but still, take your time. until the time you become a great farmer and even marry someone you like here.

10/10 waiting alex to ask me grind together :d",i m here cuz me wanna marry alex p jokes aside this game is great of course you need to spend some time to understand what to do but still take your time until the time you become a great farmer and even marry someone you like here 10 10 waiting alex to ask me grind together d,i m here cuz me wanna marry alex p jokes aside this game is great of course you need to spend some time to understand what to do but still take your time until the time you become a great farmer and even marry someone you like here 10 10 waiting alex to ask me grind together d,i m here cuz me wanna memarry alex p jokes aside this game is great of course you meneed to spend some time to understand what to do but still take your time until the time you become a great farmer and even memarry someone you like here 10 10 waiting alex to ask me grind together d,i m here cuz me wanna memarry alex p jokes aside this game is great of course you meneed to spend some time to understand what to do but still take your time until the time you become a great farmer and even memarry someone you like here 10 10 waiting alex to ask me grind together d
"""It ain't much but it's honest work""",True,"""It ain't much but it's honest work""","""It ain't much but it's honest work""","""it ain't much but it's honest work""","""it ain't much but it's honest work""",it ain t much but it s honest work,it ain t much but it s honest work,it ain t memuch but it s honest work,it ain t memuch but it s honest work
cool,True,cool,cool,cool,cool,cool,cool,cool,cool
awesome game,True,awesome game,awesome game,awesome game,awesome game,awesome game,awesome game,awesome game,awesome game
Sebagai seorang yang sudah bekerja game ini cocok buat saya :),True,Sebagai seorang yang sudah bekerja game ini cocok buat saya :),Sebagai seorang yang sudah bekerja game ini cocok buat saya :),sebagai seorang yang sudah bekerja game ini cocok buat saya :),sebagai seorang yang sudah bekerja game ini cocok buat saya :),sebagai seorang yang sudah bekerja game ini cocok buat saya,sebagai seorang yang sudah bekerja game ini cocok buat saya,sebagai orang yang sudah kerja game ini cocok buat saya,orang kerja game cocok
game ngantuk,True,game ngantuk,game ngantuk,game ngantuk,game ngantuk,game ngantuk,game ngantuk,game antuk,game antuk
P tani,True,P tani,P tani,p tani,p tani,p tani,p tani,p tani,p tani
"Gamenya seru banget, lengkap gak ngebosenin, walaupun pixel tapi grafiknya bagus banget, dan yang paling penting game ini bisa gue mainin secara online dengan lancar di laptop kentang gue yang hanya punya RAM 2GB.",True,"Gamenya seru banget, lengkap gak ngebosenin, walaupun pixel tapi grafiknya bagus banget, dan yang paling penting game ini bisa gue mainin secara online dengan lancar di laptop kentang gue yang hanya punya RAM 2GB.","Gamenya seru banget, lengkap gak ngebosenin, walaupun pixel tapi grafiknya bagus banget, dan yang paling penting game ini bisa gue mainin secara online dengan lancar di laptop kentang gue yang hanya punya RAM 2GB.","gamenya seru banget, lengkap gak ngebosenin, walaupun pixel tapi grafiknya bagus banget, dan yang paling penting game ini bisa gue mainin secara online dengan lancar di laptop kentang gue yang hanya punya ram 2gb.","gamenya seru banget, lengkap gak ngebosenin, walaupun pixel tapi grafiknya bagus banget, dan yang paling penting game ini bisa gue mainin secara online dengan lancar di laptop kentang gue yang hanya punya ram 2gb.",gamenya seru banget lengkap gak ngebosenin walaupun pixel tapi grafiknya bagus banget dan yang paling penting game ini bisa gue mainin secara online dengan lancar di laptop kentang gue yang hanya punya ram 2gb,gamenya seru banget lengkap gak ngebosenin walaupun pixel tapi grafiknya bagus banget dan yang paling penting game ini bisa gue mainin secara online dengan lancar di laptop kentang gue yang hanya punya ram 2gb,game seru banget lengkap tidak bosan walaupun pixel tapi grafik bagus banget dan yang paling penting game ini bisa gue main cara online dengan lancar di laptop kentang gue yang hanya punya ram 2gb,game seru banget lengkap bosan pixel grafik bagus banget game gue main online lancar laptop kentang gue ram 2gb
game seru pokoknya bisa buat nyantuy,True,game seru pokoknya bisa buat nyantuy,game seru pokoknya bisa buat nyantuy,game seru pokoknya bisa buat nyantuy,game seru pokoknya bisa buat nyantuy,game seru pokoknya bisa buat nyantuy,game seru pokoknya bisa buat nyantuy,game seru pokok bisa buat nyantuy,game seru pokok nyantuy
lelah dgn game competitive? ambil cangkulmu mari bertani bersamaku,True,lelah dgn game competitive? ambil cangkulmu mari bertani bersamaku,lelah dgn game competitive? ambil cangkulmu mari bertani bersamaku,lelah dgn game competitive? ambil cangkulmu mari bertani bersamaku,lelah dgn game competitive? ambil cangkulmu mari bertani bersamaku,lelah dgn game competitive ambil cangkulmu mari bertani bersamaku,lelah dgn game competitive ambil cangkulmu mari bertani bersamaku,lelah dgn game competitive ambil cangkul mari tani sama,lelah dgn game competitive ambil cangkul mari tani
seru banget,True,seru banget,seru banget,seru banget,seru banget,seru banget,seru banget,seru banget,seru banget
i befriended a homeless man and bullied the mayor,True,i befriended a homeless man and bullied the mayor,i befriended a homeless man and bullied the mayor,i befriended a homeless man and bullied the mayor,i befriended a homeless man and bullied the mayor,i befriended a homeless man and bullied the mayor,i befriended a homeless man and bullied the mayor,i befriended a homeless man and bullied the mayor,i befriended a homeless man and bullied the mayor
"If this gaem didn't nominated as Labor of Love 2024
I'll tell Shane that Suicide is not sin",True,"If this gaem didn't nominated as Labor of Love 2024
I'll tell Shane that Suicide is not sin","If this gaem didn't nominated as Labor of Love 2024
I'll tell Shane that Suicide is not sin","if this gaem didn't nominated as labor of love 2024
i'll tell shane that suicide is not sin","if this gaem didn't nominated as labor of love 2024
i'll tell shane that suicide is not sin",if this gaem didn t nominated as labor of love 2024 i ll tell shane that suicide is not sin,if this gaem didn t nominated as labor of love 2024 i ll tell shane that suicide is not sin,if this gaem didn t nominated as labor of love 2024 i ll tell shane that suicide is not sin,if this gaem didn t nominated as labor of love 2024 i ll tell shane that suicide is not sin
"mainin ini malem malem, diluar hujan sambil dengerin spotify",True,"mainin ini malem malem, diluar hujan sambil dengerin spotify","mainin ini malem malem, diluar hujan sambil dengerin spotify","mainin ini malem malem, diluar hujan sambil dengerin spotify","mainin ini malem malem, diluar hujan sambil dengerin spotify",mainin ini malem malem diluar hujan sambil dengerin spotify,mainin ini malem malem diluar hujan sambil dengerin spotify,main ini palem palem luar hujan sambil dengar spotify,main palem palem hujan dengar spotify
im goin to life for my crops,True,im goin to life for my crops,im goin to life for my crops,im goin to life for my crops,im goin to life for my crops,im goin to life for my crops,im goin to life for my crops,im goin to life for my crops,im goin to life for my crops
Jadi Berasa Tua (:,True,Jadi Berasa Tua (:,Jadi Berasa Tua (:,jadi berasa tua (:,jadi berasa tua (:,jadi berasa tua,jadi berasa tua,jadi asa tua,asa tua
i love my wife haley,True,i love my wife haley,i love my wife haley,i love my wife haley,i love my wife haley,i love my wife haley,i love my wife haley,i love my wife haley,i love my wife haley
Mantab,True,Mantab,Mantab,mantab,mantab,mantab,mantab,mantab,mantab
main langsung jadi autis,True,main langsung jadi autis,main langsung jadi autis,main langsung jadi autis,main langsung jadi autis,main langsung jadi autis,main langsung jadi autis,main langsung jadi autis,main langsung autis
Very addicting,True,Very addicting,Very addicting,very addicting,very addicting,very addicting,very addicting,very addicting,very addicting
